USBlyzer Report

Capture List

Type,Seq,Time,Elapsed,Duration,Request,Request Details,Raw Data,I/O,C:I:E,Device Object,Device Name,Driver Name,IRP,Status
START,0001,17:45:39.429,,,,,,,,,,,,
URB,0002,17:45:39.503,73.849 ms,,Bulk or Interrupt Transfer,16 bytes data,F2 36 F0 ED 00 E0 00 00...,out,01:00:02,FFFFFA8002E7E440h,USBPDO-12,usbhub,FFFFFA8008264310h,,F2 36 F0 ED 00 E0 00 00 00 00 00 00 00 00 00 00
URB,0003-0002,17:45:39.505,75.843 ms,1.995 ms,Bulk or Interrupt Transfer,16 bytes buffer,,out,01:00:02,FFFFFA8002E7E440h,USBPDO-12,usbhub,FFFFFA8008264310h,Success (Success)
URB,0004,17:45:39.505,75.897 ms,,Bulk or Interrupt Transfer,64 bytes buffer,,in,01:00:81,FFFFFA8002E7E440h,USBPDO-12,usbhub,FFFFFA8009703010h,
URB,0005-0004,17:45:39.507,77.812 ms,1.916 ms,Bulk or Interrupt Transfer,8 bytes data,80 00 00 01 01 00 01 01,in,01:00:81,FFFFFA8002E7E440h,USBPDO-12,usbhub,FFFFFA8009703010h,Success (Success),80 00 00 01 01 00 01 01
URB,0006,17:45:39.707,277.851 ms,,Bulk or Interrupt Transfer,16 bytes data,F2 36 F0 ED 00 E0 00 00...,out,01:00:02,FFFFFA8002E7E440h,USBPDO-12,usbhub,FFFFFA8008264310h,,F2 36 F0 ED 00 E0 00 00 00 00 00 00 00 00 00 00
URB,0007-0006,17:45:39.709,279.821 ms,1.969 ms,Bulk or Interrupt Transfer,16 bytes buffer,,out,01:00:02,FFFFFA8002E7E440h,USBPDO-12,usbhub,FFFFFA8008264310h,Success (Success)
URB,0008,17:45:39.709,279.860 ms,,Bulk or Interrupt Transfer,64 bytes buffer,,in,01:00:81,FFFFFA8002E7E440h,USBPDO-12,usbhub,FFFFFA8009703010h,
URB,0009-0008,17:45:39.711,281.806 ms,1.946 ms,Bulk or Interrupt Transfer,8 bytes data,80 00 00 01 01 00 01 01,in,01:00:81,FFFFFA8002E7E440h,USBPDO-12,usbhub,FFFFFA8009703010h,Success (Success),80 00 00 01 01 00 01 01
URB,0010,17:45:39.911,481.876 ms,,Bulk or Interrupt Transfer,16 bytes data,F2 36 F0 ED 00 E0 00 00...,out,01:00:02,FFFFFA8002E7E440h,USBPDO-12,usbhub,FFFFFA8008264310h,,F2 36 F0 ED 00 E0 00 00 00 00 00 00 00 00 00 00
URB,0011-0010,17:45:39.913,483.827 ms,1.952 ms,Bulk or Interrupt Transfer,16 bytes buffer,,out,01:00:02,FFFFFA8002E7E440h,USBPDO-12,usbhub,FFFFFA8008264310h,Success (Success)
URB,0012,17:45:39.913,483.872 ms,,Bulk or Interrupt Transfer,64 bytes buffer,,in,01:00:81,FFFFFA8002E7E440h,USBPDO-12,usbhub,FFFFFA8009703010h,
URB,0013-0012,17:45:39.915,485.806 ms,1.934 ms,Bulk or Interrupt Transfer,8 bytes data,80 00 00 01 01 00 01 01,in,01:00:81,FFFFFA8002E7E440h,USBPDO-12,usbhub,FFFFFA8009703010h,Success (Success),80 00 00 01 01 00 01 01
URB,0014,17:45:40.115,685.865 ms,,Bulk or Interrupt Transfer,16 bytes data,F2 36 F0 ED 00 E0 00 00...,out,01:00:02,FFFFFA8002E7E440h,USBPDO-12,usbhub,FFFFFA8008264310h,,F2 36 F0 ED 00 E0 00 00 00 00 00 00 00 00 00 00
URB,0015-0014,17:45:40.116,687.797 ms,1.932 ms,Bulk or Interrupt Transfer,16 bytes buffer,,out,01:00:02,FFFFFA8002E7E440h,USBPDO-12,usbhub,FFFFFA8008264310h,Success (Success)
URB,0016,17:45:40.117,687.841 ms,,Bulk or Interrupt Transfer,64 bytes buffer,,in,01:00:81,FFFFFA8002E7E440h,USBPDO-12,usbhub,FFFFFA8009703010h,
URB,0017-0016,17:45:40.118,689.796 ms,1.955 ms,Bulk or Interrupt Transfer,8 bytes data,80 00 00 01 01 00 01 01,in,01:00:81,FFFFFA8002E7E440h,USBPDO-12,usbhub,FFFFFA8009703010h,Success (Success),80 00 00 01 01 00 01 01
URB,0018,17:45:40.319,889.869 ms,,Bulk or Interrupt Transfer,16 bytes data,F2 36 F0 ED 00 E0 00 00...,out,01:00:02,FFFFFA8002E7E440h,USBPDO-12,usbhub,FFFFFA8008264310h,,F2 36 F0 ED 00 E0 00 00 00 00 00 00 00 00 00 00
URB,0019-0018,17:45:40.320,891.792 ms,1.922 ms,Bulk or Interrupt Transfer,16 bytes buffer,,out,01:00:02,FFFFFA8002E7E440h,USBPDO-12,usbhub,FFFFFA8008264310h,Success (Success)
URB,0020,17:45:40.321,891.830 ms,,Bulk or Interrupt Transfer,64 bytes buffer,,in,01:00:81,FFFFFA8002E7E440h,USBPDO-12,usbhub,FFFFFA8009703010h,
URB,0021-0020,17:45:40.321,892.814 ms,984 us,Bulk or Interrupt Transfer,8 bytes data,80 00 00 01 01 00 01 01,in,01:00:81,FFFFFA8002E7E440h,USBPDO-12,usbhub,FFFFFA8009703010h,Success (Success),80 00 00 01 01 00 01 01
URB,0022,17:45:40.522,1.092884 s,,Bulk or Interrupt Transfer,16 bytes data,F2 36 F0 ED 00 E0 00 00...,out,01:00:02,FFFFFA8002E7E440h,USBPDO-12,usbhub,FFFFFA8008264310h,,F2 36 F0 ED 00 E0 00 00 00 00 00 00 00 00 00 00
URB,0023-0022,17:45:40.523,1.094793 s,1.909 ms,Bulk or Interrupt Transfer,16 bytes buffer,,out,01:00:02,FFFFFA8002E7E440h,USBPDO-12,usbhub,FFFFFA8008264310h,Success (Success)
URB,0024,17:45:40.524,1.094839 s,,Bulk or Interrupt Transfer,64 bytes buffer,,in,01:00:81,FFFFFA8002E7E440h,USBPDO-12,usbhub,FFFFFA8009703010h,
URB,0025-0024,17:45:40.525,1.096788 s,1.949 ms,Bulk or Interrupt Transfer,8 bytes data,80 00 00 01 01 00 01 01,in,01:00:81,FFFFFA8002E7E440h,USBPDO-12,usbhub,FFFFFA8009703010h,Success (Success),80 00 00 01 01 00 01 01
URB,0026,17:45:40.725,1.295894 s,,Bulk or Interrupt Transfer,16 bytes data,F2 36 F0 ED 00 E0 00 00...,out,01:00:02,FFFFFA8002E7E440h,USBPDO-12,usbhub,FFFFFA8008264310h,,F2 36 F0 ED 00 E0 00 00 00 00 00 00 00 00 00 00
URB,0027-0026,17:45:40.726,1.297784 s,1.891 ms,Bulk or Interrupt Transfer,16 bytes buffer,,out,01:00:02,FFFFFA8002E7E440h,USBPDO-12,usbhub,FFFFFA8008264310h,Success (Success)
URB,0028,17:45:40.726,1.297822 s,,Bulk or Interrupt Transfer,64 bytes buffer,,in,01:00:81,FFFFFA8002E7E440h,USBPDO-12,usbhub,FFFFFA8009703010h,
URB,0029-0028,17:45:40.728,1.299784 s,1.962 ms,Bulk or Interrupt Transfer,8 bytes data,80 00 00 01 01 00 01 01,in,01:00:81,FFFFFA8002E7E440h,USBPDO-12,usbhub,FFFFFA8009703010h,Success (Success),80 00 00 01 01 00 01 01
URB,0030,17:45:40.928,1.498899 s,,Bulk or Interrupt Transfer,16 bytes data,F2 36 F0 ED 00 E0 00 00...,out,01:00:02,FFFFFA8002E7E440h,USBPDO-12,usbhub,FFFFFA8008264310h,,F2 36 F0 ED 00 E0 00 00 00 00 00 00 00 00 00 00
URB,0031-0030,17:45:40.929,1.500780 s,1.881 ms,Bulk or Interrupt Transfer,16 bytes buffer,,out,01:00:02,FFFFFA8002E7E440h,USBPDO-12,usbhub,FFFFFA8008264310h,Success (Success)
URB,0032,17:45:40.929,1.500814 s,,Bulk or Interrupt Transfer,64 bytes buffer,,in,01:00:81,FFFFFA8002E7E440h,USBPDO-12,usbhub,FFFFFA8009703010h,
URB,0033-0032,17:45:40.931,1.502781 s,1.967 ms,Bulk or Interrupt Transfer,8 bytes data,80 00 00 01 01 00 01 01,in,01:00:81,FFFFFA8002E7E440h,USBPDO-12,usbhub,FFFFFA8009703010h,Success (Success),80 00 00 01 01 00 01 01
URB,0034,17:45:41.131,1.701903 s,,Bulk or Interrupt Transfer,16 bytes data,F2 36 F0 ED 00 E0 00 00...,out,01:00:02,FFFFFA8002E7E440h,USBPDO-12,usbhub,FFFFFA8008264310h,,F2 36 F0 ED 00 E0 00 00 00 00 00 00 00 00 00 00
URB,0035-0034,17:45:41.132,1.703782 s,1.879 ms,Bulk or Interrupt Transfer,16 bytes buffer,,out,01:00:02,FFFFFA8002E7E440h,USBPDO-12,usbhub,FFFFFA8008264310h,Success (Success)
URB,0036,17:45:41.132,1.703816 s,,Bulk or Interrupt Transfer,64 bytes buffer,,in,01:00:81,FFFFFA8002E7E440h,USBPDO-12,usbhub,FFFFFA8009703010h,
URB,0037-0036,17:45:41.134,1.705777 s,1.961 ms,Bulk or Interrupt Transfer,8 bytes data,80 00 00 01 01 00 01 01,in,01:00:81,FFFFFA8002E7E440h,USBPDO-12,usbhub,FFFFFA8009703010h,Success (Success),80 00 00 01 01 00 01 01
URB,0038,17:45:41.334,1.904910 s,,Bulk or Interrupt Transfer,16 bytes data,F2 36 F0 ED 00 E0 00 00...,out,01:00:02,FFFFFA8002E7E440h,USBPDO-12,usbhub,FFFFFA8008264310h,,F2 36 F0 ED 00 E0 00 00 00 00 00 00 00 00 00 00
URB,0039-0038,17:45:41.335,1.906771 s,1.862 ms,Bulk or Interrupt Transfer,16 bytes buffer,,out,01:00:02,FFFFFA8002E7E440h,USBPDO-12,usbhub,FFFFFA8008264310h,Success (Success)
URB,0040,17:45:41.335,1.906805 s,,Bulk or Interrupt Transfer,64 bytes buffer,,in,01:00:81,FFFFFA8002E7E440h,USBPDO-12,usbhub,FFFFFA8009703010h,
URB,0041-0040,17:45:41.337,1.908771 s,1.966 ms,Bulk or Interrupt Transfer,8 bytes data,80 00 00 01 01 00 01 01,in,01:00:81,FFFFFA8002E7E440h,USBPDO-12,usbhub,FFFFFA8009703010h,Success (Success),80 00 00 01 01 00 01 01
URB,0042,17:45:41.537,2.107928 s,,Bulk or Interrupt Transfer,16 bytes data,F2 36 F0 ED 00 E0 00 00...,out,01:00:02,FFFFFA8002E7E440h,USBPDO-12,usbhub,FFFFFA8008264310h,,F2 36 F0 ED 00 E0 00 00 00 00 00 00 00 00 00 00
URB,0043-0042,17:45:41.538,2.109777 s,1.849 ms,Bulk or Interrupt Transfer,16 bytes buffer,,out,01:00:02,FFFFFA8002E7E440h,USBPDO-12,usbhub,FFFFFA8008264310h,Success (Success)
URB,0044,17:45:41.538,2.109811 s,,Bulk or Interrupt Transfer,64 bytes buffer,,in,01:00:81,FFFFFA8002E7E440h,USBPDO-12,usbhub,FFFFFA8009703010h,
URB,0045-0044,17:45:41.540,2.111768 s,1.958 ms,Bulk or Interrupt Transfer,8 bytes data,80 00 00 01 01 00 01 01,in,01:00:81,FFFFFA8002E7E440h,USBPDO-12,usbhub,FFFFFA8009703010h,Success (Success),80 00 00 01 01 00 01 01
URB,0046,17:45:41.540,2.111800 s,,Bulk or Interrupt Transfer,16 bytes data,F2 35 F0 ED 00 E0 03 00...,out,01:00:02,FFFFFA8002E7E440h,USBPDO-12,usbhub,FFFFFA8008264310h,,F2 35 F0 ED 00 E0 03 00 5F A0 00 00 00 00 00 00
URB,0047-0046,17:45:41.541,2.112767 s,967 us,Bulk or Interrupt Transfer,16 bytes buffer,,out,01:00:02,FFFFFA8002E7E440h,USBPDO-12,usbhub,FFFFFA8008264310h,Success (Success)
URB,0048,17:45:41.541,2.112791 s,,Bulk or Interrupt Transfer,64 bytes buffer,,in,01:00:81,FFFFFA8002E7E440h,USBPDO-12,usbhub,FFFFFA8009703010h,
URB,0049-0048,17:45:41.543,2.114766 s,1.975 ms,Bulk or Interrupt Transfer,2 bytes data,80 00,in,01:00:81,FFFFFA8002E7E440h,USBPDO-12,usbhub,FFFFFA8009703010h,Success (Success),80 00
URB,0050,17:45:41.543,2.114793 s,,Bulk or Interrupt Transfer,16 bytes data,F2 36 F0 ED 00 E0 00 00...,out,01:00:02,FFFFFA8002E7E440h,USBPDO-12,usbhub,FFFFFA8008264310h,,F2 36 F0 ED 00 E0 00 00 00 00 00 00 00 00 00 00
URB,0051-0050,17:45:41.544,2.115767 s,974 us,Bulk or Interrupt Transfer,16 bytes buffer,,out,01:00:02,FFFFFA8002E7E440h,USBPDO-12,usbhub,FFFFFA8008264310h,Success (Success)
URB,0052,17:45:41.544,2.115790 s,,Bulk or Interrupt Transfer,64 bytes buffer,,in,01:00:81,FFFFFA8002E7E440h,USBPDO-12,usbhub,FFFFFA8009703010h,
URB,0053-0052,17:45:41.546,2.117768 s,1.978 ms,Bulk or Interrupt Transfer,8 bytes data,80 00 00 01 03 00 03 01,in,01:00:81,FFFFFA8002E7E440h,USBPDO-12,usbhub,FFFFFA8009703010h,Success (Success),80 00 00 01 03 00 03 01
URB,0054,17:45:41.546,2.117799 s,,Bulk or Interrupt Transfer,16 bytes data,F2 36 F0 ED 00 E0 00 00...,out,01:00:02,FFFFFA8002E7E440h,USBPDO-12,usbhub,FFFFFA8008264310h,,F2 36 F0 ED 00 E0 00 00 00 00 00 00 00 00 00 00
URB,0055-0054,17:45:41.547,2.118768 s,968 us,Bulk or Interrupt Transfer,16 bytes buffer,,out,01:00:02,FFFFFA8002E7E440h,USBPDO-12,usbhub,FFFFFA8008264310h,Success (Success)
URB,0056,17:45:41.547,2.118793 s,,Bulk or Interrupt Transfer,64 bytes buffer,,in,01:00:81,FFFFFA8002E7E440h,USBPDO-12,usbhub,FFFFFA8009703010h,
URB,0057-0056,17:45:41.549,2.120767 s,1.974 ms,Bulk or Interrupt Transfer,8 bytes data,80 00 00 01 03 00 03 00,in,01:00:81,FFFFFA8002E7E440h,USBPDO-12,usbhub,FFFFFA8009703010h,Success (Success),80 00 00 01 03 00 03 00
URB,0058,17:45:41.549,2.120798 s,,Bulk or Interrupt Transfer,16 bytes data,F2 41 00 00 00 00 00 00...,out,01:00:02,FFFFFA8002E7E440h,USBPDO-12,usbhub,FFFFFA8008264310h,,F2 41 00 00 00 00 00 00 00 00 00 00 00 00 00 00
URB,0059-0058,17:45:41.550,2.121767 s,969 us,Bulk or Interrupt Transfer,16 bytes buffer,,out,01:00:02,FFFFFA8002E7E440h,USBPDO-12,usbhub,FFFFFA8008264310h,Success (Success)
URB,0060,17:45:41.550,2.121792 s,,Bulk or Interrupt Transfer,64 bytes buffer,,in,01:00:81,FFFFFA8002E7E440h,USBPDO-12,usbhub,FFFFFA8009703010h,
URB,0061-0060,17:45:41.552,2.123768 s,1.976 ms,Bulk or Interrupt Transfer,2 bytes data,80 00,in,01:00:81,FFFFFA8002E7E440h,USBPDO-12,usbhub,FFFFFA8009703010h,Success (Success),80 00
URB,0062,17:45:41.552,2.123798 s,,Bulk or Interrupt Transfer,16 bytes data,F2 07 FC ED 00 E0 04 00...,out,01:00:02,FFFFFA8002E7E440h,USBPDO-12,usbhub,FFFFFA8008264310h,,F2 07 FC ED 00 E0 04 00 00 00 00 00 00 00 00 00
URB,0063-0062,17:45:41.553,2.124767 s,969 us,Bulk or Interrupt Transfer,16 bytes buffer,,out,01:00:02,FFFFFA8002E7E440h,USBPDO-12,usbhub,FFFFFA8008264310h,Success (Success)
URB,0064,17:45:41.553,2.124791 s,,Bulk or Interrupt Transfer,64 bytes buffer,,in,01:00:81,FFFFFA8002E7E440h,USBPDO-12,usbhub,FFFFFA8009703010h,
URB,0065-0064,17:45:41.555,2.126767 s,1.977 ms,Bulk or Interrupt Transfer,4 bytes data,00 00 00 01,in,01:00:81,FFFFFA8002E7E440h,USBPDO-12,usbhub,FFFFFA8009703010h,Success (Success),00 00 00 01
URB,0066,17:45:41.555,2.126794 s,,Bulk or Interrupt Transfer,16 bytes data,F2 3B 00 00 00 00 00 00...,out,01:00:02,FFFFFA8002E7E440h,USBPDO-12,usbhub,FFFFFA8008264310h,,F2 3B 00 00 00 00 00 00 00 00 00 00 00 00 00 00
URB,0067-0066,17:45:41.556,2.127767 s,973 us,Bulk or Interrupt Transfer,16 bytes buffer,,out,01:00:02,FFFFFA8002E7E440h,USBPDO-12,usbhub,FFFFFA8008264310h,Success (Success)
URB,0068,17:45:41.556,2.127791 s,,Bulk or Interrupt Transfer,64 bytes buffer,,in,01:00:81,FFFFFA8002E7E440h,USBPDO-12,usbhub,FFFFFA8009703010h,
URB,0069-0068,17:45:41.558,2.129767 s,1.976 ms,Bulk or Interrupt Transfer,2 bytes data,80 00,in,01:00:81,FFFFFA8002E7E440h,USBPDO-12,usbhub,FFFFFA8009703010h,Success (Success),80 00
URB,0070,17:45:41.558,2.129794 s,,Bulk or Interrupt Transfer,16 bytes data,F2 08 FC ED 00 E0 04 00...,out,01:00:02,FFFFFA8002E7E440h,USBPDO-12,usbhub,FFFFFA8008264310h,,F2 08 FC ED 00 E0 04 00 00 00 00 00 00 00 00 00
URB,0071-0070,17:45:41.559,2.130767 s,972 us,Bulk or Interrupt Transfer,16 bytes buffer,,out,01:00:02,FFFFFA8002E7E440h,USBPDO-12,usbhub,FFFFFA8008264310h,Success (Success)
URB,0072,17:45:41.559,2.130791 s,,Bulk or Interrupt Transfer,4 bytes data,00 00 00 01,out,01:00:02,FFFFFA8002E7E440h,USBPDO-12,usbhub,FFFFFA8008264310h,,00 00 00 01
URB,0073-0072,17:45:41.561,2.132768 s,1.977 ms,Bulk or Interrupt Transfer,4 bytes buffer,,out,01:00:02,FFFFFA8002E7E440h,USBPDO-12,usbhub,FFFFFA8008264310h,Success (Success)
URB,0074,17:45:41.561,2.132793 s,,Bulk or Interrupt Transfer,16 bytes data,F2 3B 00 00 00 00 00 00...,out,01:00:02,FFFFFA8002E7E440h,USBPDO-12,usbhub,FFFFFA8008264310h,,F2 3B 00 00 00 00 00 00 00 00 00 00 00 00 00 00
URB,0075-0074,17:45:41.563,2.134767 s,1.974 ms,Bulk or Interrupt Transfer,16 bytes buffer,,out,01:00:02,FFFFFA8002E7E440h,USBPDO-12,usbhub,FFFFFA8008264310h,Success (Success)
URB,0076,17:45:41.563,2.134790 s,,Bulk or Interrupt Transfer,64 bytes buffer,,in,01:00:81,FFFFFA8002E7E440h,USBPDO-12,usbhub,FFFFFA8009703010h,
URB,0077-0076,17:45:41.565,2.136767 s,1.977 ms,Bulk or Interrupt Transfer,2 bytes data,80 00,in,01:00:81,FFFFFA8002E7E440h,USBPDO-12,usbhub,FFFFFA8009703010h,Success (Success),80 00
URB,0078,17:45:41.565,2.136798 s,,Bulk or Interrupt Transfer,16 bytes data,F2 08 28 10 00 E0 04 00...,out,01:00:02,FFFFFA8002E7E440h,USBPDO-12,usbhub,FFFFFA8008264310h,,F2 08 28 10 00 E0 04 00 00 00 00 00 00 00 00 00
URB,0079-0078,17:45:41.566,2.137767 s,969 us,Bulk or Interrupt Transfer,16 bytes buffer,,out,01:00:02,FFFFFA8002E7E440h,USBPDO-12,usbhub,FFFFFA8008264310h,Success (Success)
URB,0080,17:45:41.566,2.137791 s,,Bulk or Interrupt Transfer,4 bytes data,00 00 00 00,out,01:00:02,FFFFFA8002E7E440h,USBPDO-12,usbhub,FFFFFA8008264310h,,00 00 00 00
URB,0081-0080,17:45:41.568,2.139766 s,1.975 ms,Bulk or Interrupt Transfer,4 bytes buffer,,out,01:00:02,FFFFFA8002E7E440h,USBPDO-12,usbhub,FFFFFA8008264310h,Success (Success)
URB,0082,17:45:41.568,2.139792 s,,Bulk or Interrupt Transfer,16 bytes data,F2 3B 00 00 00 00 00 00...,out,01:00:02,FFFFFA8002E7E440h,USBPDO-12,usbhub,FFFFFA8008264310h,,F2 3B 00 00 00 00 00 00 00 00 00 00 00 00 00 00
URB,0083-0082,17:45:41.570,2.141767 s,1.975 ms,Bulk or Interrupt Transfer,16 bytes buffer,,out,01:00:02,FFFFFA8002E7E440h,USBPDO-12,usbhub,FFFFFA8008264310h,Success (Success)
URB,0084,17:45:41.570,2.141792 s,,Bulk or Interrupt Transfer,64 bytes buffer,,in,01:00:81,FFFFFA8002E7E440h,USBPDO-12,usbhub,FFFFFA8009703010h,
URB,0085-0084,17:45:41.572,2.143769 s,1.977 ms,Bulk or Interrupt Transfer,2 bytes data,80 00,in,01:00:81,FFFFFA8002E7E440h,USBPDO-12,usbhub,FFFFFA8009703010h,Success (Success),80 00
URB,0086,17:45:41.572,2.143800 s,,Bulk or Interrupt Transfer,16 bytes data,F2 08 38 10 00 E0 04 00...,out,01:00:02,FFFFFA8002E7E440h,USBPDO-12,usbhub,FFFFFA8008264310h,,F2 08 38 10 00 E0 04 00 00 00 00 00 00 00 00 00
URB,0087-0086,17:45:41.573,2.144767 s,967 us,Bulk or Interrupt Transfer,16 bytes buffer,,out,01:00:02,FFFFFA8002E7E440h,USBPDO-12,usbhub,FFFFFA8008264310h,Success (Success)
URB,0088,17:45:41.573,2.144791 s,,Bulk or Interrupt Transfer,4 bytes data,00 00 00 00,out,01:00:02,FFFFFA8002E7E440h,USBPDO-12,usbhub,FFFFFA8008264310h,,00 00 00 00
URB,0089-0088,17:45:41.575,2.146766 s,1.975 ms,Bulk or Interrupt Transfer,4 bytes buffer,,out,01:00:02,FFFFFA8002E7E440h,USBPDO-12,usbhub,FFFFFA8008264310h,Success (Success)
URB,0090,17:45:41.575,2.146791 s,,Bulk or Interrupt Transfer,16 bytes data,F2 3B 00 00 00 00 00 00...,out,01:00:02,FFFFFA8002E7E440h,USBPDO-12,usbhub,FFFFFA8008264310h,,F2 3B 00 00 00 00 00 00 00 00 00 00 00 00 00 00
URB,0091-0090,17:45:41.577,2.148766 s,1.975 ms,Bulk or Interrupt Transfer,16 bytes buffer,,out,01:00:02,FFFFFA8002E7E440h,USBPDO-12,usbhub,FFFFFA8008264310h,Success (Success)
URB,0092,17:45:41.577,2.148790 s,,Bulk or Interrupt Transfer,64 bytes buffer,,in,01:00:81,FFFFFA8002E7E440h,USBPDO-12,usbhub,FFFFFA8009703010h,
URB,0093-0092,17:45:41.579,2.150766 s,1.976 ms,Bulk or Interrupt Transfer,2 bytes data,80 00,in,01:00:81,FFFFFA8002E7E440h,USBPDO-12,usbhub,FFFFFA8009703010h,Success (Success),80 00
URB,0094,17:45:41.579,2.150793 s,,Bulk or Interrupt Transfer,16 bytes data,F2 08 48 10 00 E0 04 00...,out,01:00:02,FFFFFA8002E7E440h,USBPDO-12,usbhub,FFFFFA8008264310h,,F2 08 48 10 00 E0 04 00 00 00 00 00 00 00 00 00
URB,0095-0094,17:45:41.580,2.151767 s,974 us,Bulk or Interrupt Transfer,16 bytes buffer,,out,01:00:02,FFFFFA8002E7E440h,USBPDO-12,usbhub,FFFFFA8008264310h,Success (Success)
URB,0096,17:45:41.580,2.151790 s,,Bulk or Interrupt Transfer,4 bytes data,00 00 00 00,out,01:00:02,FFFFFA8002E7E440h,USBPDO-12,usbhub,FFFFFA8008264310h,,00 00 00 00
URB,0097-0096,17:45:41.582,2.153766 s,1.975 ms,Bulk or Interrupt Transfer,4 bytes buffer,,out,01:00:02,FFFFFA8002E7E440h,USBPDO-12,usbhub,FFFFFA8008264310h,Success (Success)
URB,0098,17:45:41.582,2.153790 s,,Bulk or Interrupt Transfer,16 bytes data,F2 3B 00 00 00 00 00 00...,out,01:00:02,FFFFFA8002E7E440h,USBPDO-12,usbhub,FFFFFA8008264310h,,F2 3B 00 00 00 00 00 00 00 00 00 00 00 00 00 00
URB,0099-0098,17:45:41.584,2.155769 s,1.979 ms,Bulk or Interrupt Transfer,16 bytes buffer,,out,01:00:02,FFFFFA8002E7E440h,USBPDO-12,usbhub,FFFFFA8008264310h,Success (Success)
URB,0100,17:45:41.584,2.155793 s,,Bulk or Interrupt Transfer,64 bytes buffer,,in,01:00:81,FFFFFA8002E7E440h,USBPDO-12,usbhub,FFFFFA8009703010h,
URB,0101-0100,17:45:41.586,2.157767 s,1.974 ms,Bulk or Interrupt Transfer,2 bytes data,80 00,in,01:00:81,FFFFFA8002E7E440h,USBPDO-12,usbhub,FFFFFA8009703010h,Success (Success),80 00
URB,0102,17:45:41.586,2.157797 s,,Bulk or Interrupt Transfer,16 bytes data,F2 08 58 10 00 E0 04 00...,out,01:00:02,FFFFFA8002E7E440h,USBPDO-12,usbhub,FFFFFA8008264310h,,F2 08 58 10 00 E0 04 00 00 00 00 00 00 00 00 00
URB,0103-0102,17:45:41.587,2.158767 s,970 us,Bulk or Interrupt Transfer,16 bytes buffer,,out,01:00:02,FFFFFA8002E7E440h,USBPDO-12,usbhub,FFFFFA8008264310h,Success (Success)
URB,0104,17:45:41.587,2.158791 s,,Bulk or Interrupt Transfer,4 bytes data,00 00 00 00,out,01:00:02,FFFFFA8002E7E440h,USBPDO-12,usbhub,FFFFFA8008264310h,,00 00 00 00
URB,0105-0104,17:45:41.589,2.160766 s,1.975 ms,Bulk or Interrupt Transfer,4 bytes buffer,,out,01:00:02,FFFFFA8002E7E440h,USBPDO-12,usbhub,FFFFFA8008264310h,Success (Success)
URB,0106,17:45:41.589,2.160792 s,,Bulk or Interrupt Transfer,16 bytes data,F2 3B 00 00 00 00 00 00...,out,01:00:02,FFFFFA8002E7E440h,USBPDO-12,usbhub,FFFFFA8008264310h,,F2 3B 00 00 00 00 00 00 00 00 00 00 00 00 00 00
URB,0107-0106,17:45:41.591,2.162766 s,1.974 ms,Bulk or Interrupt Transfer,16 bytes buffer,,out,01:00:02,FFFFFA8002E7E440h,USBPDO-12,usbhub,FFFFFA8008264310h,Success (Success)
URB,0108,17:45:41.591,2.162791 s,,Bulk or Interrupt Transfer,64 bytes buffer,,in,01:00:81,FFFFFA8002E7E440h,USBPDO-12,usbhub,FFFFFA8009703010h,
URB,0109-0108,17:45:41.593,2.164767 s,1.975 ms,Bulk or Interrupt Transfer,2 bytes data,80 00,in,01:00:81,FFFFFA8002E7E440h,USBPDO-12,usbhub,FFFFFA8009703010h,Success (Success),80 00
URB,0110,17:45:41.593,2.164801 s,,Bulk or Interrupt Transfer,16 bytes data,F2 3A 00 00 00 00 00 00...,out,01:00:02,FFFFFA8002E7E440h,USBPDO-12,usbhub,FFFFFA8008264310h,,F2 3A 00 00 00 00 00 00 00 00 00 00 00 00 00 00
URB,0111-0110,17:45:41.594,2.165766 s,965 us,Bulk or Interrupt Transfer,16 bytes buffer,,out,01:00:02,FFFFFA8002E7E440h,USBPDO-12,usbhub,FFFFFA8008264310h,Success (Success)
URB,0112,17:45:41.594,2.165790 s,,Bulk or Interrupt Transfer,64 bytes buffer,,in,01:00:81,FFFFFA8002E7E440h,USBPDO-12,usbhub,FFFFFA8009703010h,
URB,0113-0112,17:45:41.599,2.170766 s,4.976 ms,Bulk or Interrupt Transfer,64 bytes data,80 00 00 01 04 00 00 00...,in,01:00:81,FFFFFA8002E7E440h,USBPDO-12,usbhub,FFFFFA8009703010h,Success (Success),80 00 00 01 04 00 00 00 00 00 00 00 3F 00 00 00 06 00 00 00 C8 14 00 20 00 00 00 00 00 00 00 00 00 00 00 00 00 00 00 00 00 00 00 00 00 00 00 00 00 00 00 00 00 00 00 00 88 19 00 20 6B 01 00 20
URB,0114,17:45:41.599,2.170777 s,,Bulk or Interrupt Transfer,64 bytes buffer,,in,01:00:81,FFFFFA8002E7E440h,USBPDO-12,usbhub,FFFFFA8009703010h,
URB,0115-0114,17:45:41.601,2.172761 s,1.984 ms,Bulk or Interrupt Transfer,24 bytes data,A8 0A 00 20 00 00 00 21...,in,01:00:81,FFFFFA8002E7E440h,USBPDO-12,usbhub,FFFFFA8009703010h,Success (Success),A8 0A 00 20 00 00 00 21 88 19 00 20 00 00 00 00 00 00 00 00 00 00 00 00
URB,0116,17:45:41.601,2.172796 s,,Bulk or Interrupt Transfer,16 bytes data,F2 0C A8 0A 00 20 02 00...,out,01:00:02,FFFFFA8002E7E440h,USBPDO-12,usbhub,FFFFFA8008264310h,,F2 0C A8 0A 00 20 02 00 00 00 00 00 00 00 00 00
URB,0117-0116,17:45:41.602,2.173763 s,968 us,Bulk or Interrupt Transfer,16 bytes buffer,,out,01:00:02,FFFFFA8002E7E440h,USBPDO-12,usbhub,FFFFFA8008264310h,Success (Success)
URB,0118,17:45:41.602,2.173789 s,,Bulk or Interrupt Transfer,64 bytes buffer,,in,01:00:81,FFFFFA8002E7E440h,USBPDO-12,usbhub,FFFFFA8009703010h,
URB,0119-0118,17:45:41.604,2.175766 s,1.977 ms,Bulk or Interrupt Transfer,2 bytes data,01 D0,in,01:00:81,FFFFFA8002E7E440h,USBPDO-12,usbhub,FFFFFA8009703010h,Success (Success),01 D0
URB,0120,17:45:41.604,2.175792 s,,Bulk or Interrupt Transfer,16 bytes data,F2 3B 00 00 00 00 00 00...,out,01:00:02,FFFFFA8002E7E440h,USBPDO-12,usbhub,FFFFFA8008264310h,,F2 3B 00 00 00 00 00 00 00 00 00 00 00 00 00 00
URB,0121-0120,17:45:41.605,2.176766 s,974 us,Bulk or Interrupt Transfer,16 bytes buffer,,out,01:00:02,FFFFFA8002E7E440h,USBPDO-12,usbhub,FFFFFA8008264310h,Success (Success)
URB,0122,17:45:41.605,2.176794 s,,Bulk or Interrupt Transfer,64 bytes buffer,,in,01:00:81,FFFFFA8002E7E440h,USBPDO-12,usbhub,FFFFFA8009703010h,
URB,0123-0122,17:45:41.607,2.178767 s,1.973 ms,Bulk or Interrupt Transfer,2 bytes data,80 00,in,01:00:81,FFFFFA8002E7E440h,USBPDO-12,usbhub,FFFFFA8009703010h,Success (Success),80 00
URB,0124,17:45:41.608,2.178876 s,,Bulk or Interrupt Transfer,16 bytes data,F2 07 04 10 00 E0 04 00...,out,01:00:02,FFFFFA8002E7E440h,USBPDO-12,usbhub,FFFFFA8008264310h,,F2 07 04 10 00 E0 04 00 00 00 00 00 00 00 00 00
URB,0125-0124,17:45:41.608,2.179765 s,889 us,Bulk or Interrupt Transfer,16 bytes buffer,,out,01:00:02,FFFFFA8002E7E440h,USBPDO-12,usbhub,FFFFFA8008264310h,Success (Success)
URB,0126,17:45:41.608,2.179791 s,,Bulk or Interrupt Transfer,64 bytes buffer,,in,01:00:81,FFFFFA8002E7E440h,USBPDO-12,usbhub,FFFFFA8009703010h,
URB,0127-0126,17:45:41.610,2.181767 s,1.975 ms,Bulk or Interrupt Transfer,4 bytes data,00 00 00 00,in,01:00:81,FFFFFA8002E7E440h,USBPDO-12,usbhub,FFFFFA8009703010h,Success (Success),00 00 00 00
URB,0128,17:45:41.610,2.181793 s,,Bulk or Interrupt Transfer,16 bytes data,F2 3B 00 00 00 00 00 00...,out,01:00:02,FFFFFA8002E7E440h,USBPDO-12,usbhub,FFFFFA8008264310h,,F2 3B 00 00 00 00 00 00 00 00 00 00 00 00 00 00
URB,0129-0128,17:45:41.611,2.182766 s,973 us,Bulk or Interrupt Transfer,16 bytes buffer,,out,01:00:02,FFFFFA8002E7E440h,USBPDO-12,usbhub,FFFFFA8008264310h,Success (Success)
URB,0130,17:45:41.611,2.182789 s,,Bulk or Interrupt Transfer,64 bytes buffer,,in,01:00:81,FFFFFA8002E7E440h,USBPDO-12,usbhub,FFFFFA8009703010h,
URB,0131-0130,17:45:41.613,2.184766 s,1.977 ms,Bulk or Interrupt Transfer,2 bytes data,80 00,in,01:00:81,FFFFFA8002E7E440h,USBPDO-12,usbhub,FFFFFA8009703010h,Success (Success),80 00
URB,0132,17:45:41.614,2.185390 s,,Bulk or Interrupt Transfer,16 bytes data,F2 07 94 19 00 20 04 00...,out,01:00:02,FFFFFA8002E7E440h,USBPDO-12,usbhub,FFFFFA800897DB00h,,F2 07 94 19 00 20 04 00 00 00 00 00 00 00 00 00
URB,0133-0132,17:45:41.614,2.185766 s,376 us,Bulk or Interrupt Transfer,16 bytes buffer,,out,01:00:02,FFFFFA8002E7E440h,USBPDO-12,usbhub,FFFFFA800897DB00h,Success (Success)
URB,0134,17:45:41.614,2.185793 s,,Bulk or Interrupt Transfer,64 bytes buffer,,in,01:00:81,FFFFFA8002E7E440h,USBPDO-12,usbhub,FFFFFA8009703010h,
URB,0135-0134,17:45:41.616,2.187766 s,1.972 ms,Bulk or Interrupt Transfer,4 bytes data,1D 0E 00 20,in,01:00:81,FFFFFA8002E7E440h,USBPDO-12,usbhub,FFFFFA8009703010h,Success (Success),1D 0E 00 20
URB,0136,17:45:41.616,2.187794 s,,Bulk or Interrupt Transfer,16 bytes data,F2 3B 00 00 00 00 00 00...,out,01:00:02,FFFFFA8002E7E440h,USBPDO-12,usbhub,FFFFFA800897DB00h,,F2 3B 00 00 00 00 00 00 00 00 00 00 00 00 00 00
URB,0137-0136,17:45:41.617,2.188767 s,973 us,Bulk or Interrupt Transfer,16 bytes buffer,,out,01:00:02,FFFFFA8002E7E440h,USBPDO-12,usbhub,FFFFFA800897DB00h,Success (Success)
URB,0138,17:45:41.617,2.188791 s,,Bulk or Interrupt Transfer,64 bytes buffer,,in,01:00:81,FFFFFA8002E7E440h,USBPDO-12,usbhub,FFFFFA8009703010h,
URB,0139-0138,17:45:41.619,2.190766 s,1.975 ms,Bulk or Interrupt Transfer,2 bytes data,80 00,in,01:00:81,FFFFFA8002E7E440h,USBPDO-12,usbhub,FFFFFA8009703010h,Success (Success),80 00
URB,0140,17:45:41.620,2.191087 s,,Bulk or Interrupt Transfer,16 bytes data,F2 07 9C 19 00 20 04 00...,out,01:00:02,FFFFFA8002E7E440h,USBPDO-12,usbhub,FFFFFA800897DB00h,,F2 07 9C 19 00 20 04 00 00 00 00 00 00 00 00 00
URB,0141-0140,17:45:41.620,2.191766 s,679 us,Bulk or Interrupt Transfer,16 bytes buffer,,out,01:00:02,FFFFFA8002E7E440h,USBPDO-12,usbhub,FFFFFA800897DB00h,Success (Success)
URB,0142,17:45:41.620,2.191790 s,,Bulk or Interrupt Transfer,64 bytes buffer,,in,01:00:81,FFFFFA8002E7E440h,USBPDO-12,usbhub,FFFFFA8009703010h,
URB,0143-0142,17:45:41.622,2.193765 s,1.975 ms,Bulk or Interrupt Transfer,4 bytes data,83 0F 00 20,in,01:00:81,FFFFFA8002E7E440h,USBPDO-12,usbhub,FFFFFA8009703010h,Success (Success),83 0F 00 20
URB,0144,17:45:41.622,2.193791 s,,Bulk or Interrupt Transfer,16 bytes data,F2 3B 00 00 00 00 00 00...,out,01:00:02,FFFFFA8002E7E440h,USBPDO-12,usbhub,FFFFFA800897DB00h,,F2 3B 00 00 00 00 00 00 00 00 00 00 00 00 00 00
URB,0145-0144,17:45:41.623,2.194768 s,977 us,Bulk or Interrupt Transfer,16 bytes buffer,,out,01:00:02,FFFFFA8002E7E440h,USBPDO-12,usbhub,FFFFFA800897DB00h,Success (Success)
URB,0146,17:45:41.623,2.194792 s,,Bulk or Interrupt Transfer,64 bytes buffer,,in,01:00:81,FFFFFA8002E7E440h,USBPDO-12,usbhub,FFFFFA8009703010h,
URB,0147-0146,17:45:41.625,2.196767 s,1.975 ms,Bulk or Interrupt Transfer,2 bytes data,80 00,in,01:00:81,FFFFFA8002E7E440h,USBPDO-12,usbhub,FFFFFA8009703010h,Success (Success),80 00
URB,0148,17:45:41.626,2.197059 s,,Bulk or Interrupt Transfer,16 bytes data,F2 07 E4 19 00 20 04 00...,out,01:00:02,FFFFFA8002E7E440h,USBPDO-12,usbhub,FFFFFA800897DB00h,,F2 07 E4 19 00 20 04 00 00 00 00 00 00 00 00 00
URB,0149-0148,17:45:41.626,2.197765 s,706 us,Bulk or Interrupt Transfer,16 bytes buffer,,out,01:00:02,FFFFFA8002E7E440h,USBPDO-12,usbhub,FFFFFA800897DB00h,Success (Success)
URB,0150,17:45:41.626,2.197789 s,,Bulk or Interrupt Transfer,64 bytes buffer,,in,01:00:81,FFFFFA8002E7E440h,USBPDO-12,usbhub,FFFFFA8009703010h,
URB,0151-0150,17:45:41.628,2.199766 s,1.977 ms,Bulk or Interrupt Transfer,4 bytes data,67 14 00 20,in,01:00:81,FFFFFA8002E7E440h,USBPDO-12,usbhub,FFFFFA8009703010h,Success (Success),67 14 00 20
URB,0152,17:45:41.628,2.199792 s,,Bulk or Interrupt Transfer,16 bytes data,F2 3B 00 00 00 00 00 00...,out,01:00:02,FFFFFA8002E7E440h,USBPDO-12,usbhub,FFFFFA800897DB00h,,F2 3B 00 00 00 00 00 00 00 00 00 00 00 00 00 00
URB,0153-0152,17:45:41.629,2.200766 s,974 us,Bulk or Interrupt Transfer,16 bytes buffer,,out,01:00:02,FFFFFA8002E7E440h,USBPDO-12,usbhub,FFFFFA800897DB00h,Success (Success)
URB,0154,17:45:41.629,2.200790 s,,Bulk or Interrupt Transfer,64 bytes buffer,,in,01:00:81,FFFFFA8002E7E440h,USBPDO-12,usbhub,FFFFFA8009703010h,
URB,0155-0154,17:45:41.631,2.202765 s,1.976 ms,Bulk or Interrupt Transfer,2 bytes data,80 00,in,01:00:81,FFFFFA8002E7E440h,USBPDO-12,usbhub,FFFFFA8009703010h,Success (Success),80 00

This report was generated by USBlyzer http://www.usblyzer.com/
