USBlyzer Report

Capture List

Type,Seq,Time,Elapsed,Duration,Request,Request Details,Raw Data,I/O,C:I:E,Device Object,Device Name,Driver Name,IRP,Status
START,0001,15:09:38.756,,,,,,,,,,,,
Create,0002,15:12:32.934,174.174733 s,,Create,stvp.exe,,,,FFFFFA80074F4960h,,WinUsb,FFFFFA8006FD8320h,
Create,0003-0002,15:12:32.935,174.174759 s,26 us,Create,stvp.exe,,,,FFFFFA80074F4960h,,WinUsb,FFFFFA8006FD8320h,Success
URB,0004,15:12:32.935,174.174880 s,,Bulk or Interrupt Transfer,16 bytes data,F1 80 00 00 00 00 00 00...,out,01:00:02,FFFFFA800750D060h,USBPDO-10,usbhub,FFFFFA8006FD8320h,,F1 80 00 00 00 00 00 00 00 00 00 00 00 00 00 00
URB,0005-0004,15:12:32.936,174.176236 s,1.356 ms,Bulk or Interrupt Transfer,16 bytes buffer,,out,01:00:02,FFFFFA800750D060h,USBPDO-10,usbhub,FFFFFA8006FD8320h,Success (Success)
URB,0006,15:12:32.936,174.176269 s,,Bulk or Interrupt Transfer,64 bytes buffer,,in,01:00:81,FFFFFA800750D060h,USBPDO-10,usbhub,FFFFFA80072A3010h,
URB,0007-0006,15:12:32.938,174.178222 s,1.953 ms,Bulk or Interrupt Transfer,6 bytes data,23 80 83 04 48 37,in,01:00:81,FFFFFA800750D060h,USBPDO-10,usbhub,FFFFFA80072A3010h,Success (Success),23 80 83 04 48 37
URB,0008,15:12:32.938,174.178249 s,,Bulk or Interrupt Transfer,16 bytes data,F5 00 00 00 00 00 00 00...,out,01:00:02,FFFFFA800750D060h,USBPDO-10,usbhub,FFFFFA8006FD8320h,,F5 00 00 00 00 00 00 00 00 00 00 00 00 00 00 00
URB,0009-0008,15:12:32.939,174.179221 s,972 us,Bulk or Interrupt Transfer,16 bytes buffer,,out,01:00:02,FFFFFA800750D060h,USBPDO-10,usbhub,FFFFFA8006FD8320h,Success (Success)
URB,0010,15:12:32.939,174.179239 s,,Bulk or Interrupt Transfer,64 bytes buffer,,in,01:00:81,FFFFFA800750D060h,USBPDO-10,usbhub,FFFFFA80072A3010h,
URB,0011-0010,15:12:32.941,174.181221 s,1.982 ms,Bulk or Interrupt Transfer,2 bytes data,00 01,in,01:00:81,FFFFFA800750D060h,USBPDO-10,usbhub,FFFFFA80072A3010h,Success (Success),00 01
URB,0012,15:12:32.941,174.181243 s,,Bulk or Interrupt Transfer,16 bytes data,F3 07 00 00 00 00 00 00...,out,01:00:02,FFFFFA800750D060h,USBPDO-10,usbhub,FFFFFA8006FD8320h,,F3 07 00 00 00 00 00 00 00 00 00 00 00 00 00 00
URB,0013-0012,15:12:32.942,174.182221 s,978 us,Bulk or Interrupt Transfer,16 bytes buffer,,out,01:00:02,FFFFFA800750D060h,USBPDO-10,usbhub,FFFFFA8006FD8320h,Success (Success)
URB,0014,15:12:32.943,174.182760 s,,Bulk or Interrupt Transfer,16 bytes data,F2 30 A3 00 00 00 00 00...,out,01:00:02,FFFFFA800750D060h,USBPDO-10,usbhub,FFFFFA8006FD8320h,,F2 30 A3 00 00 00 00 00 00 00 00 00 00 00 00 00
URB,0015-0014,15:12:32.944,174.184221 s,1.462 ms,Bulk or Interrupt Transfer,16 bytes buffer,,out,01:00:02,FFFFFA800750D060h,USBPDO-10,usbhub,FFFFFA8006FD8320h,Success (Success)
URB,0016,15:12:32.944,174.184238 s,,Bulk or Interrupt Transfer,64 bytes buffer,,in,01:00:81,FFFFFA800750D060h,USBPDO-10,usbhub,FFFFFA80072A3010h,
URB,0017-0016,15:12:32.945,174.185221 s,982 us,Bulk or Interrupt Transfer,2 bytes data,80 00,in,01:00:81,FFFFFA800750D060h,USBPDO-10,usbhub,FFFFFA80072A3010h,Success (Success),80 00
URB,0018,15:12:32.945,174.185242 s,,Bulk or Interrupt Transfer,16 bytes data,F2 32 00 00 00 00 00 00...,out,01:00:02,FFFFFA800750D060h,USBPDO-10,usbhub,FFFFFA8006FD8320h,,F2 32 00 00 00 00 00 00 00 00 00 00 00 00 00 00
URB,0019-0018,15:12:32.946,174.186221 s,979 us,Bulk or Interrupt Transfer,16 bytes buffer,,out,01:00:02,FFFFFA800750D060h,USBPDO-10,usbhub,FFFFFA8006FD8320h,Success (Success)
URB,0020,15:12:32.946,174.186239 s,,Bulk or Interrupt Transfer,64 bytes buffer,,in,01:00:81,FFFFFA800750D060h,USBPDO-10,usbhub,FFFFFA80072A3010h,
URB,0021-0020,15:12:32.948,174.188221 s,1.982 ms,Bulk or Interrupt Transfer,2 bytes data,80 00,in,01:00:81,FFFFFA800750D060h,USBPDO-10,usbhub,FFFFFA80072A3010h,Success (Success),80 00
URB,0022,15:12:32.948,174.188240 s,,Bulk or Interrupt Transfer,16 bytes data,F2 35 F0 ED 00 E0 03 00...,out,01:00:02,FFFFFA800750D060h,USBPDO-10,usbhub,FFFFFA8006FD8320h,,F2 35 F0 ED 00 E0 03 00 5F A0 00 00 00 00 00 00
URB,0023-0022,15:12:32.949,174.189220 s,980 us,Bulk or Interrupt Transfer,16 bytes buffer,,out,01:00:02,FFFFFA800750D060h,USBPDO-10,usbhub,FFFFFA8006FD8320h,Success (Success)
URB,0024,15:12:32.949,174.189237 s,,Bulk or Interrupt Transfer,64 bytes buffer,,in,01:00:81,FFFFFA800750D060h,USBPDO-10,usbhub,FFFFFA80072A3010h,
URB,0025-0024,15:12:32.951,174.191221 s,1.983 ms,Bulk or Interrupt Transfer,2 bytes data,80 00,in,01:00:81,FFFFFA800750D060h,USBPDO-10,usbhub,FFFFFA80072A3010h,Success (Success),80 00
URB,0026,15:12:32.951,174.191240 s,,Bulk or Interrupt Transfer,16 bytes data,F2 36 F0 ED 00 E0 00 00...,out,01:00:02,FFFFFA800750D060h,USBPDO-10,usbhub,FFFFFA8006FD8320h,,F2 36 F0 ED 00 E0 00 00 00 00 00 00 00 00 00 00
URB,0027-0026,15:12:32.952,174.192221 s,980 us,Bulk or Interrupt Transfer,16 bytes buffer,,out,01:00:02,FFFFFA800750D060h,USBPDO-10,usbhub,FFFFFA8006FD8320h,Success (Success)
URB,0028,15:12:32.952,174.192237 s,,Bulk or Interrupt Transfer,64 bytes buffer,,in,01:00:81,FFFFFA800750D060h,USBPDO-10,usbhub,FFFFFA80072A3010h,
URB,0029-0028,15:12:32.953,174.193222 s,985 us,Bulk or Interrupt Transfer,8 bytes data,80 00 00 00 03 00 03 03,in,01:00:81,FFFFFA800750D060h,USBPDO-10,usbhub,FFFFFA80072A3010h,Success (Success),80 00 00 00 03 00 03 03
URB,0030,15:12:32.953,174.193242 s,,Bulk or Interrupt Transfer,16 bytes data,F2 35 F0 ED 00 E0 03 00...,out,01:00:02,FFFFFA800750D060h,USBPDO-10,usbhub,FFFFFA8006FD8320h,,F2 35 F0 ED 00 E0 03 00 5F A0 00 00 00 00 00 00
URB,0031-0030,15:12:32.954,174.194221 s,979 us,Bulk or Interrupt Transfer,16 bytes buffer,,out,01:00:02,FFFFFA800750D060h,USBPDO-10,usbhub,FFFFFA8006FD8320h,Success (Success)
URB,0032,15:12:32.954,174.194239 s,,Bulk or Interrupt Transfer,64 bytes buffer,,in,01:00:81,FFFFFA800750D060h,USBPDO-10,usbhub,FFFFFA80072A3010h,
URB,0033-0032,15:12:32.956,174.196221 s,1.981 ms,Bulk or Interrupt Transfer,2 bytes data,80 00,in,01:00:81,FFFFFA800750D060h,USBPDO-10,usbhub,FFFFFA80072A3010h,Success (Success),80 00
URB,0034,15:12:32.956,174.196241 s,,Bulk or Interrupt Transfer,16 bytes data,F2 36 F0 ED 00 E0 00 00...,out,01:00:02,FFFFFA800750D060h,USBPDO-10,usbhub,FFFFFA8006FD8320h,,F2 36 F0 ED 00 E0 00 00 00 00 00 00 00 00 00 00
URB,0035-0034,15:12:32.957,174.197221 s,980 us,Bulk or Interrupt Transfer,16 bytes buffer,,out,01:00:02,FFFFFA800750D060h,USBPDO-10,usbhub,FFFFFA8006FD8320h,Success (Success)
URB,0036,15:12:32.957,174.197240 s,,Bulk or Interrupt Transfer,64 bytes buffer,,in,01:00:81,FFFFFA800750D060h,USBPDO-10,usbhub,FFFFFA80072A3010h,
URB,0037-0036,15:12:32.959,174.199220 s,1.980 ms,Bulk or Interrupt Transfer,8 bytes data,80 00 00 00 03 00 03 00,in,01:00:81,FFFFFA800750D060h,USBPDO-10,usbhub,FFFFFA80072A3010h,Success (Success),80 00 00 00 03 00 03 00
URB,0038,15:12:32.959,174.199240 s,,Bulk or Interrupt Transfer,16 bytes data,F2 35 FC ED 00 E0 01 00...,out,01:00:02,FFFFFA800750D060h,USBPDO-10,usbhub,FFFFFA8006FD8320h,,F2 35 FC ED 00 E0 01 00 00 00 00 00 00 00 00 00
URB,0039-0038,15:12:32.960,174.200220 s,979 us,Bulk or Interrupt Transfer,16 bytes buffer,,out,01:00:02,FFFFFA800750D060h,USBPDO-10,usbhub,FFFFFA8006FD8320h,Success (Success)
URB,0040,15:12:32.960,174.200237 s,,Bulk or Interrupt Transfer,64 bytes buffer,,in,01:00:81,FFFFFA800750D060h,USBPDO-10,usbhub,FFFFFA80072A3010h,
URB,0041-0040,15:12:32.961,174.201221 s,984 us,Bulk or Interrupt Transfer,2 bytes data,80 00,in,01:00:81,FFFFFA800750D060h,USBPDO-10,usbhub,FFFFFA80072A3010h,Success (Success),80 00
URB,0042,15:12:32.961,174.201241 s,,Bulk or Interrupt Transfer,16 bytes data,F2 35 0C ED 00 E0 04 00...,out,01:00:02,FFFFFA800750D060h,USBPDO-10,usbhub,FFFFFA8006FD8320h,,F2 35 0C ED 00 E0 04 00 FA 05 00 00 00 00 00 00
URB,0043-0042,15:12:32.962,174.202220 s,980 us,Bulk or Interrupt Transfer,16 bytes buffer,,out,01:00:02,FFFFFA800750D060h,USBPDO-10,usbhub,FFFFFA8006FD8320h,Success (Success)
URB,0044,15:12:32.962,174.202237 s,,Bulk or Interrupt Transfer,64 bytes buffer,,in,01:00:81,FFFFFA800750D060h,USBPDO-10,usbhub,FFFFFA80072A3010h,
URB,0045-0044,15:12:32.964,174.204220 s,1.983 ms,Bulk or Interrupt Transfer,2 bytes data,80 00,in,01:00:81,FFFFFA800750D060h,USBPDO-10,usbhub,FFFFFA80072A3010h,Success (Success),80 00
URB,0046,15:12:32.964,174.204243 s,,Bulk or Interrupt Transfer,16 bytes data,F2 36 0C ED 00 E0 00 00...,out,01:00:02,FFFFFA800750D060h,USBPDO-10,usbhub,FFFFFA8006FD8320h,,F2 36 0C ED 00 E0 00 00 00 00 00 00 00 00 00 00
URB,0047-0046,15:12:32.965,174.205221 s,978 us,Bulk or Interrupt Transfer,16 bytes buffer,,out,01:00:02,FFFFFA800750D060h,USBPDO-10,usbhub,FFFFFA8006FD8320h,Success (Success)
URB,0048,15:12:32.965,174.205238 s,,Bulk or Interrupt Transfer,64 bytes buffer,,in,01:00:81,FFFFFA800750D060h,USBPDO-10,usbhub,FFFFFA80072A3010h,
URB,0049-0048,15:12:32.967,174.207220 s,1.981 ms,Bulk or Interrupt Transfer,8 bytes data,80 00 00 00 00 00 05 FA,in,01:00:81,FFFFFA800750D060h,USBPDO-10,usbhub,FFFFFA80072A3010h,Success (Success),80 00 00 00 00 00 05 FA
URB,0050,15:12:32.967,174.207239 s,,Bulk or Interrupt Transfer,16 bytes data,F2 36 F0 ED 00 E0 00 00...,out,01:00:02,FFFFFA800750D060h,USBPDO-10,usbhub,FFFFFA8006FD8320h,,F2 36 F0 ED 00 E0 00 00 00 00 00 00 00 00 00 00
URB,0051-0050,15:12:32.968,174.208219 s,980 us,Bulk or Interrupt Transfer,16 bytes buffer,,out,01:00:02,FFFFFA800750D060h,USBPDO-10,usbhub,FFFFFA8006FD8320h,Success (Success)
URB,0052,15:12:32.968,174.208236 s,,Bulk or Interrupt Transfer,64 bytes buffer,,in,01:00:81,FFFFFA800750D060h,USBPDO-10,usbhub,FFFFFA80072A3010h,
URB,0053-0052,15:12:32.969,174.209220 s,984 us,Bulk or Interrupt Transfer,8 bytes data,80 00 00 00 03 00 03 02,in,01:00:81,FFFFFA800750D060h,USBPDO-10,usbhub,FFFFFA80072A3010h,Success (Success),80 00 00 00 03 00 03 02
URB,0054,15:12:32.969,174.209241 s,,Bulk or Interrupt Transfer,16 bytes data,F2 36 F0 ED 00 E0 00 00...,out,01:00:02,FFFFFA800750D060h,USBPDO-10,usbhub,FFFFFA8006FD8320h,,F2 36 F0 ED 00 E0 00 00 00 00 00 00 00 00 00 00
URB,0055-0054,15:12:32.970,174.210220 s,980 us,Bulk or Interrupt Transfer,16 bytes buffer,,out,01:00:02,FFFFFA800750D060h,USBPDO-10,usbhub,FFFFFA8006FD8320h,Success (Success)
URB,0056,15:12:32.970,174.210237 s,,Bulk or Interrupt Transfer,64 bytes buffer,,in,01:00:81,FFFFFA800750D060h,USBPDO-10,usbhub,FFFFFA80072A3010h,
URB,0057-0056,15:12:32.972,174.212221 s,1.984 ms,Bulk or Interrupt Transfer,8 bytes data,80 00 00 00 03 00 03 00,in,01:00:81,FFFFFA800750D060h,USBPDO-10,usbhub,FFFFFA80072A3010h,Success (Success),80 00 00 00 03 00 03 00
URB,0058,15:12:32.972,174.212240 s,,Bulk or Interrupt Transfer,16 bytes data,F2 35 FC ED 00 E0 00 00...,out,01:00:02,FFFFFA800750D060h,USBPDO-10,usbhub,FFFFFA8006FD8320h,,F2 35 FC ED 00 E0 00 00 00 00 00 00 00 00 00 00
URB,0059-0058,15:12:32.973,174.213220 s,980 us,Bulk or Interrupt Transfer,16 bytes buffer,,out,01:00:02,FFFFFA800750D060h,USBPDO-10,usbhub,FFFFFA8006FD8320h,Success (Success)
URB,0060,15:12:32.973,174.213237 s,,Bulk or Interrupt Transfer,64 bytes buffer,,in,01:00:81,FFFFFA800750D060h,USBPDO-10,usbhub,FFFFFA80072A3010h,
URB,0061-0060,15:12:32.975,174.215220 s,1.983 ms,Bulk or Interrupt Transfer,2 bytes data,80 00,in,01:00:81,FFFFFA800750D060h,USBPDO-10,usbhub,FFFFFA80072A3010h,Success (Success),80 00
URB,0062,15:12:32.975,174.215241 s,,Bulk or Interrupt Transfer,16 bytes data,F2 31 00 00 00 00 00 00...,out,01:00:02,FFFFFA800750D060h,USBPDO-10,usbhub,FFFFFA8006FD8320h,,F2 31 00 00 00 00 00 00 00 00 00 00 00 00 00 00
URB,0063-0062,15:12:32.976,174.216220 s,980 us,Bulk or Interrupt Transfer,16 bytes buffer,,out,01:00:02,FFFFFA800750D060h,USBPDO-10,usbhub,FFFFFA8006FD8320h,Success (Success)
URB,0064,15:12:32.976,174.216238 s,,Bulk or Interrupt Transfer,64 bytes buffer,,in,01:00:81,FFFFFA800750D060h,USBPDO-10,usbhub,FFFFFA80072A3010h,
URB,0065-0064,15:12:32.977,174.217220 s,983 us,Bulk or Interrupt Transfer,12 bytes data,80 00 00 00 77 14 A0 2B...,in,01:00:81,FFFFFA800750D060h,USBPDO-10,usbhub,FFFFFA80072A3010h,Success (Success),80 00 00 00 77 14 A0 2B 00 00 00 00
URB,0066,15:12:32.977,174.217240 s,,Bulk or Interrupt Transfer,16 bytes data,F2 07 00 20 04 E0 04 00...,out,01:00:02,FFFFFA800750D060h,USBPDO-10,usbhub,FFFFFA8006FD8320h,,F2 07 00 20 04 E0 04 00 00 00 00 00 00 00 00 00
URB,0067-0066,15:12:32.978,174.218220 s,980 us,Bulk or Interrupt Transfer,16 bytes buffer,,out,01:00:02,FFFFFA800750D060h,USBPDO-10,usbhub,FFFFFA8006FD8320h,Success (Success)
URB,0068,15:12:32.978,174.218237 s,,Bulk or Interrupt Transfer,64 bytes buffer,,in,01:00:81,FFFFFA800750D060h,USBPDO-10,usbhub,FFFFFA80072A3010h,
URB,0069-0068,15:12:32.980,174.220220 s,1.983 ms,Bulk or Interrupt Transfer,4 bytes data,16 64 18 10,in,01:00:81,FFFFFA800750D060h,USBPDO-10,usbhub,FFFFFA80072A3010h,Success (Success),16 64 18 10
URB,0070,15:12:32.980,174.220240 s,,Bulk or Interrupt Transfer,16 bytes data,F2 3B 00 00 00 00 00 00...,out,01:00:02,FFFFFA800750D060h,USBPDO-10,usbhub,FFFFFA8006FD8320h,,F2 3B 00 00 00 00 00 00 00 00 00 00 00 00 00 00
URB,0071-0070,15:12:32.981,174.221220 s,980 us,Bulk or Interrupt Transfer,16 bytes buffer,,out,01:00:02,FFFFFA800750D060h,USBPDO-10,usbhub,FFFFFA8006FD8320h,Success (Success)
URB,0072,15:12:32.981,174.221237 s,,Bulk or Interrupt Transfer,64 bytes buffer,,in,01:00:81,FFFFFA800750D060h,USBPDO-10,usbhub,FFFFFA80072A3010h,
URB,0073-0072,15:12:32.983,174.223220 s,1.983 ms,Bulk or Interrupt Transfer,2 bytes data,80 00,in,01:00:81,FFFFFA800750D060h,USBPDO-10,usbhub,FFFFFA80072A3010h,Success (Success),80 00
URB,0074,15:12:32.983,174.223243 s,,Bulk or Interrupt Transfer,16 bytes data,F2 34 0F 00 00 00 20 00...,out,01:00:02,FFFFFA800750D060h,USBPDO-10,usbhub,FFFFFA8006FD8320h,,F2 34 0F 00 00 00 20 00 00 00 00 00 00 00 00 00
URB,0075-0074,15:12:32.984,174.224222 s,979 us,Bulk or Interrupt Transfer,16 bytes buffer,,out,01:00:02,FFFFFA800750D060h,USBPDO-10,usbhub,FFFFFA8006FD8320h,Success (Success)
URB,0076,15:12:32.984,174.224239 s,,Bulk or Interrupt Transfer,64 bytes buffer,,in,01:00:81,FFFFFA800750D060h,USBPDO-10,usbhub,FFFFFA80072A3010h,
URB,0077-0076,15:12:32.985,174.225220 s,981 us,Bulk or Interrupt Transfer,2 bytes data,80 00,in,01:00:81,FFFFFA800750D060h,USBPDO-10,usbhub,FFFFFA80072A3010h,Success (Success),80 00
URB,0078,15:12:32.985,174.225239 s,,Bulk or Interrupt Transfer,16 bytes data,F2 34 11 00 40 00 20 00...,out,01:00:02,FFFFFA800750D060h,USBPDO-10,usbhub,FFFFFA8006FD8320h,,F2 34 11 00 40 00 20 00 00 00 00 00 00 00 00 00
URB,0079-0078,15:12:32.986,174.226221 s,981 us,Bulk or Interrupt Transfer,16 bytes buffer,,out,01:00:02,FFFFFA800750D060h,USBPDO-10,usbhub,FFFFFA8006FD8320h,Success (Success)
URB,0080,15:12:32.986,174.226238 s,,Bulk or Interrupt Transfer,64 bytes buffer,,in,01:00:81,FFFFFA800750D060h,USBPDO-10,usbhub,FFFFFA80072A3010h,
URB,0081-0080,15:12:32.988,174.228225 s,1.987 ms,Bulk or Interrupt Transfer,2 bytes data,80 00,in,01:00:81,FFFFFA800750D060h,USBPDO-10,usbhub,FFFFFA80072A3010h,Success (Success),80 00
URB,0082,15:12:32.988,174.228257 s,,Bulk or Interrupt Transfer,16 bytes data,F2 34 10 00 00 00 01 00...,out,01:00:02,FFFFFA800750D060h,USBPDO-10,usbhub,FFFFFA8006FD8320h,,F2 34 10 00 00 00 01 00 00 00 00 00 00 00 00 00
URB,0083-0082,15:12:32.989,174.229225 s,968 us,Bulk or Interrupt Transfer,16 bytes buffer,,out,01:00:02,FFFFFA800750D060h,USBPDO-10,usbhub,FFFFFA8006FD8320h,Success (Success)
URB,0084,15:12:32.989,174.229243 s,,Bulk or Interrupt Transfer,64 bytes buffer,,in,01:00:81,FFFFFA800750D060h,USBPDO-10,usbhub,FFFFFA80072A3010h,
URB,0085-0084,15:12:32.991,174.231221 s,1.978 ms,Bulk or Interrupt Transfer,2 bytes data,80 00,in,01:00:81,FFFFFA800750D060h,USBPDO-10,usbhub,FFFFFA80072A3010h,Success (Success),80 00
URB,0086,15:12:32.991,174.231244 s,,Bulk or Interrupt Transfer,16 bytes data,F2 08 00 00 00 20 04 00...,out,01:00:02,FFFFFA800750D060h,USBPDO-10,usbhub,FFFFFA8006FD8320h,,F2 08 00 00 00 20 04 00 00 00 00 00 00 00 00 00
URB,0087-0086,15:12:32.992,174.232221 s,977 us,Bulk or Interrupt Transfer,16 bytes buffer,,out,01:00:02,FFFFFA800750D060h,USBPDO-10,usbhub,FFFFFA8006FD8320h,Success (Success)
URB,0088,15:12:32.992,174.232239 s,,Bulk or Interrupt Transfer,4 bytes data,55 AA 88 00,out,01:00:02,FFFFFA800750D060h,USBPDO-10,usbhub,FFFFFA8006FD8320h,,55 AA 88 00
URB,0089-0088,15:12:32.993,174.233221 s,982 us,Bulk or Interrupt Transfer,4 bytes buffer,,out,01:00:02,FFFFFA800750D060h,USBPDO-10,usbhub,FFFFFA8006FD8320h,Success (Success)
URB,0090,15:12:32.993,174.233239 s,,Bulk or Interrupt Transfer,16 bytes data,F2 3B 00 00 00 00 00 00...,out,01:00:02,FFFFFA800750D060h,USBPDO-10,usbhub,FFFFFA8006FD8320h,,F2 3B 00 00 00 00 00 00 00 00 00 00 00 00 00 00
URB,0091-0090,15:12:32.994,174.234222 s,983 us,Bulk or Interrupt Transfer,16 bytes buffer,,out,01:00:02,FFFFFA800750D060h,USBPDO-10,usbhub,FFFFFA8006FD8320h,Success (Success)
URB,0092,15:12:32.994,174.234242 s,,Bulk or Interrupt Transfer,64 bytes buffer,,in,01:00:81,FFFFFA800750D060h,USBPDO-10,usbhub,FFFFFA80072A3010h,
URB,0093-0092,15:12:32.996,174.236221 s,1.979 ms,Bulk or Interrupt Transfer,2 bytes data,80 00,in,01:00:81,FFFFFA800750D060h,USBPDO-10,usbhub,FFFFFA80072A3010h,Success (Success),80 00
URB,0094,15:12:32.996,174.236242 s,,Bulk or Interrupt Transfer,16 bytes data,F2 07 00 00 00 20 04 00...,out,01:00:02,FFFFFA800750D060h,USBPDO-10,usbhub,FFFFFA8006FD8320h,,F2 07 00 00 00 20 04 00 00 00 00 00 00 00 00 00
URB,0095-0094,15:12:32.997,174.237221 s,979 us,Bulk or Interrupt Transfer,16 bytes buffer,,out,01:00:02,FFFFFA800750D060h,USBPDO-10,usbhub,FFFFFA8006FD8320h,Success (Success)
URB,0096,15:12:32.997,174.237238 s,,Bulk or Interrupt Transfer,64 bytes buffer,,in,01:00:81,FFFFFA800750D060h,USBPDO-10,usbhub,FFFFFA80072A3010h,
URB,0097-0096,15:12:32.999,174.239222 s,1.984 ms,Bulk or Interrupt Transfer,4 bytes data,55 AA 88 00,in,01:00:81,FFFFFA800750D060h,USBPDO-10,usbhub,FFFFFA80072A3010h,Success (Success),55 AA 88 00
URB,0098,15:12:32.999,174.239260 s,,Bulk or Interrupt Transfer,16 bytes data,F2 3B 00 00 00 00 00 00...,out,01:00:02,FFFFFA800750D060h,USBPDO-10,usbhub,FFFFFA8006FD8320h,,F2 3B 00 00 00 00 00 00 00 00 00 00 00 00 00 00
URB,0099-0098,15:12:33.000,174.240228 s,968 us,Bulk or Interrupt Transfer,16 bytes buffer,,out,01:00:02,FFFFFA800750D060h,USBPDO-10,usbhub,FFFFFA8006FD8320h,Success (Success)
URB,0100,15:12:33.000,174.240266 s,,Bulk or Interrupt Transfer,64 bytes buffer,,in,01:00:81,FFFFFA800750D060h,USBPDO-10,usbhub,FFFFFA80072A3010h,
URB,0101-0100,15:12:33.002,174.242226 s,1.960 ms,Bulk or Interrupt Transfer,2 bytes data,80 00,in,01:00:81,FFFFFA800750D060h,USBPDO-10,usbhub,FFFFFA80072A3010h,Success (Success),80 00
URB,0102,15:12:33.002,174.242263 s,,Bulk or Interrupt Transfer,16 bytes data,F2 07 00 20 04 E0 04 00...,out,01:00:02,FFFFFA800750D060h,USBPDO-10,usbhub,FFFFFA8006FD8320h,,F2 07 00 20 04 E0 04 00 00 00 00 00 00 00 00 00
URB,0103-0102,15:12:33.003,174.243226 s,964 us,Bulk or Interrupt Transfer,16 bytes buffer,,out,01:00:02,FFFFFA800750D060h,USBPDO-10,usbhub,FFFFFA8006FD8320h,Success (Success)
URB,0104,15:12:33.003,174.243245 s,,Bulk or Interrupt Transfer,64 bytes buffer,,in,01:00:81,FFFFFA800750D060h,USBPDO-10,usbhub,FFFFFA80072A3010h,
URB,0105-0104,15:12:33.005,174.245219 s,1.975 ms,Bulk or Interrupt Transfer,4 bytes data,16 64 18 10,in,01:00:81,FFFFFA800750D060h,USBPDO-10,usbhub,FFFFFA80072A3010h,Success (Success),16 64 18 10
URB,0106,15:12:33.005,174.245240 s,,Bulk or Interrupt Transfer,16 bytes data,F2 3B 00 00 00 00 00 00...,out,01:00:02,FFFFFA800750D060h,USBPDO-10,usbhub,FFFFFA8006FD8320h,,F2 3B 00 00 00 00 00 00 00 00 00 00 00 00 00 00
URB,0107-0106,15:12:33.006,174.246220 s,980 us,Bulk or Interrupt Transfer,16 bytes buffer,,out,01:00:02,FFFFFA800750D060h,USBPDO-10,usbhub,FFFFFA8006FD8320h,Success (Success)
URB,0108,15:12:33.006,174.246237 s,,Bulk or Interrupt Transfer,64 bytes buffer,,in,01:00:81,FFFFFA800750D060h,USBPDO-10,usbhub,FFFFFA80072A3010h,
URB,0109-0108,15:12:33.008,174.248219 s,1.982 ms,Bulk or Interrupt Transfer,2 bytes data,80 00,in,01:00:81,FFFFFA800750D060h,USBPDO-10,usbhub,FFFFFA80072A3010h,Success (Success),80 00
URB,0110,15:12:33.008,174.248242 s,,Bulk or Interrupt Transfer,16 bytes data,F2 07 1C 3C 02 40 04 00...,out,01:00:02,FFFFFA800750D060h,USBPDO-10,usbhub,FFFFFA8006FD8320h,,F2 07 1C 3C 02 40 04 00 00 00 00 00 00 00 00 00
URB,0111-0110,15:12:33.009,174.249219 s,977 us,Bulk or Interrupt Transfer,16 bytes buffer,,out,01:00:02,FFFFFA800750D060h,USBPDO-10,usbhub,FFFFFA8006FD8320h,Success (Success)
URB,0112,15:12:33.009,174.249236 s,,Bulk or Interrupt Transfer,64 bytes buffer,,in,01:00:81,FFFFFA800750D060h,USBPDO-10,usbhub,FFFFFA80072A3010h,
URB,0113-0112,15:12:33.010,174.250220 s,984 us,Bulk or Interrupt Transfer,4 bytes data,AA 00 78 00,in,01:00:81,FFFFFA800750D060h,USBPDO-10,usbhub,FFFFFA80072A3010h,Success (Success),AA 00 78 00
URB,0114,15:12:33.010,174.250239 s,,Bulk or Interrupt Transfer,16 bytes data,F2 3B 00 00 00 00 00 00...,out,01:00:02,FFFFFA800750D060h,USBPDO-10,usbhub,FFFFFA8006FD8320h,,F2 3B 00 00 00 00 00 00 00 00 00 00 00 00 00 00
URB,0115-0114,15:12:33.011,174.251219 s,980 us,Bulk or Interrupt Transfer,16 bytes buffer,,out,01:00:02,FFFFFA800750D060h,USBPDO-10,usbhub,FFFFFA8006FD8320h,Success (Success)
URB,0116,15:12:33.011,174.251236 s,,Bulk or Interrupt Transfer,64 bytes buffer,,in,01:00:81,FFFFFA800750D060h,USBPDO-10,usbhub,FFFFFA80072A3010h,
URB,0117-0116,15:12:33.013,174.253220 s,1.983 ms,Bulk or Interrupt Transfer,2 bytes data,80 00,in,01:00:81,FFFFFA800750D060h,USBPDO-10,usbhub,FFFFFA80072A3010h,Success (Success),80 00
URB,0118,15:12:33.013,174.253240 s,,Bulk or Interrupt Transfer,16 bytes data,F2 07 20 3C 02 40 04 00...,out,01:00:02,FFFFFA800750D060h,USBPDO-10,usbhub,FFFFFA8006FD8320h,,F2 07 20 3C 02 40 04 00 00 00 00 00 00 00 00 00
URB,0119-0118,15:12:33.014,174.254220 s,980 us,Bulk or Interrupt Transfer,16 bytes buffer,,out,01:00:02,FFFFFA800750D060h,USBPDO-10,usbhub,FFFFFA8006FD8320h,Success (Success)
URB,0120,15:12:33.014,174.254239 s,,Bulk or Interrupt Transfer,64 bytes buffer,,in,01:00:81,FFFFFA800750D060h,USBPDO-10,usbhub,FFFFFA80072A3010h,
URB,0121-0120,15:12:33.016,174.256221 s,1.982 ms,Bulk or Interrupt Transfer,4 bytes data,00 00 00 00,in,01:00:81,FFFFFA800750D060h,USBPDO-10,usbhub,FFFFFA80072A3010h,Success (Success),00 00 00 00
URB,0122,15:12:33.016,174.256241 s,,Bulk or Interrupt Transfer,16 bytes data,F2 3B 00 00 00 00 00 00...,out,01:00:02,FFFFFA800750D060h,USBPDO-10,usbhub,FFFFFA8006FD8320h,,F2 3B 00 00 00 00 00 00 00 00 00 00 00 00 00 00
URB,0123-0122,15:12:33.017,174.257219 s,978 us,Bulk or Interrupt Transfer,16 bytes buffer,,out,01:00:02,FFFFFA800750D060h,USBPDO-10,usbhub,FFFFFA8006FD8320h,Success (Success)
URB,0124,15:12:33.017,174.257236 s,,Bulk or Interrupt Transfer,64 bytes buffer,,in,01:00:81,FFFFFA800750D060h,USBPDO-10,usbhub,FFFFFA80072A3010h,
URB,0125-0124,15:12:33.018,174.258220 s,984 us,Bulk or Interrupt Transfer,2 bytes data,80 00,in,01:00:81,FFFFFA800750D060h,USBPDO-10,usbhub,FFFFFA80072A3010h,Success (Success),80 00
URB,0126,15:12:33.018,174.258252 s,,Bulk or Interrupt Transfer,16 bytes data,F2 07 00 00 00 08 00 10...,out,01:00:02,FFFFFA800750D060h,USBPDO-10,usbhub,FFFFFA8006FD8320h,,F2 07 00 00 00 08 00 10 00 00 00 00 00 00 00 00
URB,0127-0126,15:12:33.019,174.259220 s,969 us,Bulk or Interrupt Transfer,16 bytes buffer,,out,01:00:02,FFFFFA800750D060h,USBPDO-10,usbhub,FFFFFA8006FD8320h,Success (Success)
URB,0128,15:12:33.019,174.259241 s,,Bulk or Interrupt Transfer,4096 bytes buffer,,in,01:00:81,FFFFFA800750D060h,USBPDO-10,usbhub,FFFFFA80072A3010h,
URB,0129-0128,15:12:33.097,174.337240 s,77.999 ms,Bulk or Interrupt Transfer,4096 bytes data,28 06 00 20 69 58 00 08...,in,01:00:81,FFFFFA800750D060h,USBPDO-10,usbhub,FFFFFA80072A3010h,Success (Success),28 06 00 20 69 58 00 08 91 54 00 08 93 54 00 08 95 54 00 08 97 54 00 08 99 54 00 08 00 00 00 00 00 00 00 00 00 00 00 00 00 00 00 00 9B 54 00 08 9D 54 00 08 00 00 00 00 9F 54 00 08 A1 54 00 08 B1 58 00 08 B5 58 00 08 B9 58 00 08 75 56 00 08 C1 58 00 08 C5 58 00 08 27 56 00 08 CD 58 00 08 D1 58 00 08 D5 58 00 08 D9 58 00 08 DD 58 00 08 E1 58 00 08 E5 58 00 08 E9 58 00 08 ED 58 00 08 F1 58 00 08 F5 58 00 08 F9 58 00 08 FD 58 00 08 01 59 00 08 05 59 00 08 09 59 00 08 0D 59 00 08 11 59 00 08 15 59 00 08 19 59 00 08 1D 59 00 08 21 59 00 08 25 59 00 08 29 59 00 08 2D 59 00 08 31 59 00 08 35 59 00 08 39 59 00 08 3D 59 00 08 41 59 00 08 45 59 00 08 49 59 00 08 4D 59 00 08 51 59 00 08 55 59 00 08 59 59 00 08 5D 59 00 08 61 59 00 08 10 B5 84 B0 20 20 AD F8 00 00 AD F8
URB,0130,15:12:33.097,174.337275 s,,Bulk or Interrupt Transfer,16 bytes data,F2 3B 00 00 00 00 00 00...,out,01:00:02,FFFFFA800750D060h,USBPDO-10,usbhub,FFFFFA8006FD8320h,,F2 3B 00 00 00 00 00 00 00 00 00 00 00 00 00 00
URB,0131-0130,15:12:33.099,174.339219 s,1.944 ms,Bulk or Interrupt Transfer,16 bytes buffer,,out,01:00:02,FFFFFA800750D060h,USBPDO-10,usbhub,FFFFFA8006FD8320h,Success (Success)
URB,0132,15:12:33.099,174.339238 s,,Bulk or Interrupt Transfer,64 bytes buffer,,in,01:00:81,FFFFFA800750D060h,USBPDO-10,usbhub,FFFFFA80072A3010h,
URB,0133-0132,15:12:33.101,174.341218 s,1.981 ms,Bulk or Interrupt Transfer,2 bytes data,80 00,in,01:00:81,FFFFFA800750D060h,USBPDO-10,usbhub,FFFFFA80072A3010h,Success (Success),80 00
URB,0134,15:12:33.103,174.343580 s,,Bulk or Interrupt Transfer,16 bytes data,F2 07 00 10 00 08 00 10...,out,01:00:02,FFFFFA800750D060h,USBPDO-10,usbhub,FFFFFA8006FD8320h,,F2 07 00 10 00 08 00 10 00 00 00 00 00 00 00 00
URB,0135-0134,15:12:33.105,174.345221 s,1.641 ms,Bulk or Interrupt Transfer,16 bytes buffer,,out,01:00:02,FFFFFA800750D060h,USBPDO-10,usbhub,FFFFFA8006FD8320h,Success (Success)
URB,0136,15:12:33.105,174.345247 s,,Bulk or Interrupt Transfer,4096 bytes buffer,,in,01:00:81,FFFFFA800750D060h,USBPDO-10,usbhub,FFFFFA80072A3010h,
URB,0137-0136,15:12:33.183,174.423249 s,78.002 ms,Bulk or Interrupt Transfer,4096 bytes data,01 01 43 EA 81 31 11 43...,in,01:00:81,FFFFFA800750D060h,USBPDO-10,usbhub,FFFFFA80072A3010h,Success (Success),01 01 43 EA 81 31 11 43 81 61 FF F7 CC FD 01 F0 A4 FD 31 BD 38 B5 04 46 01 25 07 E0 2B 46 00 22 11 46 20 46 FF F7 44 FE 64 1C 6D 1C 20 78 00 28 02 D0 ED B2 08 2D F1 D3 31 BD 38 B5 04 46 01 25 06 E0 00 22 11 46 00 A8 FF F7 32 FE A4 1C 6D 1C 20 88 00 28 1B D0 ED B2 08 2D 18 D2 8D F8 00 00 20 88 00 F4 70 40 B0 F5 80 4F 09 D0 B0 F5 00 4F 2B 46 E6 D1 00 22 01 21 00 A8 FF F7 19 FE E5 E7 2B 46 01 22 00 21 00 A8 FF F7 12 FE DE E7 31 BD 80 B5 04 20 01 F0 65 FD 00 28 FA D1 00 20 3F 49 02 46 02 E0 41 F8 20 20 40 1C 10 28 FA D3 BD E8 01 40 01 F0 52 BD 2D E9 F0 43 83 B0 05 46 0E 46 14 46 00 A8 07 21 01 F0 BB FD 00 2D 5E D0 28 46 00 27 02 E0 7F 1C FF B2 40 1C 01 78 00 29 F9 D1 28 46 FF F7 97 FF 20 46 00 F0 87 FB 4F F0 00 08 0A E0 20 46 00 F0 81 FB 09 F1 01 09 5F FA 89 F9
URB,0138,15:12:33.183,174.423297 s,,Bulk or Interrupt Transfer,16 bytes data,F2 3B 00 00 00 00 00 00...,out,01:00:02,FFFFFA800750D060h,USBPDO-10,usbhub,FFFFFA8006FD8320h,,F2 3B 00 00 00 00 00 00 00 00 00 00 00 00 00 00
URB,0139-0138,15:12:33.185,174.425217 s,1.920 ms,Bulk or Interrupt Transfer,16 bytes buffer,,out,01:00:02,FFFFFA800750D060h,USBPDO-10,usbhub,FFFFFA8006FD8320h,Success (Success)
URB,0140,15:12:33.185,174.425240 s,,Bulk or Interrupt Transfer,64 bytes buffer,,in,01:00:81,FFFFFA800750D060h,USBPDO-10,usbhub,FFFFFA80072A3010h,
URB,0141-0140,15:12:33.187,174.427221 s,1.981 ms,Bulk or Interrupt Transfer,2 bytes data,80 00,in,01:00:81,FFFFFA800750D060h,USBPDO-10,usbhub,FFFFFA80072A3010h,Success (Success),80 00
URB,0142,15:12:33.189,174.428964 s,,Bulk or Interrupt Transfer,16 bytes data,F2 07 00 20 00 08 00 10...,out,01:00:02,FFFFFA800750D060h,USBPDO-10,usbhub,FFFFFA8006FD8320h,,F2 07 00 20 00 08 00 10 00 00 00 00 00 00 00 00
URB,0143-0142,15:12:33.190,174.430218 s,1.254 ms,Bulk or Interrupt Transfer,16 bytes buffer,,out,01:00:02,FFFFFA800750D060h,USBPDO-10,usbhub,FFFFFA8006FD8320h,Success (Success)
URB,0144,15:12:33.190,174.430240 s,,Bulk or Interrupt Transfer,4096 bytes buffer,,in,01:00:81,FFFFFA800750D060h,USBPDO-10,usbhub,FFFFFA80072A3010h,
URB,0145-0144,15:12:33.268,174.508249 s,78.008 ms,Bulk or Interrupt Transfer,4096 bytes data,0A 98 78 60 0C 98 F8 60...,in,01:00:81,FFFFFA800750D060h,USBPDO-10,usbhub,FFFFFA80072A3010h,Success (Success),0A 98 78 60 0C 98 F8 60 0E 98 78 61 0D 98 38 61 FF F7 B1 FA 4F F4 00 60 00 F0 6F FE 00 20 00 F0 86 FE 00 20 00 F0 5B FE 00 20 00 F0 6D F8 FF F7 7F FD 01 20 00 F0 1D FF 01 20 00 F0 16 FE FE F7 7D FD 01 20 20 70 40 46 10 B0 BD E8 F0 81 00 00 18 ED 00 E0 00 E4 00 E0 10 E0 00 E0 34 01 00 20 00 00 02 40 00 04 02 40 00 08 02 40 00 0C 02 40 00 10 02 40 00 14 02 40 00 24 01 40 1C 38 02 40 22 02 00 20 23 02 00 20 10 B5 04 00 06 D0 01 2C 04 D0 B5 21 0F F2 00 20 FF F7 DC FB DF F8 C0 01 01 68 49 08 54 EA 41 01 01 60 10 BD 10 B5 04 00 06 D0 01 2C 04 D0 CB 21 0F F2 DC 10 FF F7 CA FB DF F8 9C 01 00 2C 01 68 03 D0 41 F0 02 01 01 60 10 BD 21 F0 02 01 01 60 10 BD 10 B5 04 00 06 D0 01 2C 04 D0 E6 21 0F F2 B0 10 FF F7 B3 FB DF F8 70 01 00 2C 01 68 03 D0 41 F0 04 01 01 60 10 BD
URB,0146,15:12:33.268,174.508317 s,,Bulk or Interrupt Transfer,16 bytes data,F2 3B 00 00 00 00 00 00...,out,01:00:02,FFFFFA800750D060h,USBPDO-10,usbhub,FFFFFA8006FD8320h,,F2 3B 00 00 00 00 00 00 00 00 00 00 00 00 00 00
URB,0147-0146,15:12:33.270,174.510218 s,1.900 ms,Bulk or Interrupt Transfer,16 bytes buffer,,out,01:00:02,FFFFFA800750D060h,USBPDO-10,usbhub,FFFFFA8006FD8320h,Success (Success)
URB,0148,15:12:33.270,174.510240 s,,Bulk or Interrupt Transfer,64 bytes buffer,,in,01:00:81,FFFFFA800750D060h,USBPDO-10,usbhub,FFFFFA80072A3010h,
URB,0149-0148,15:12:33.272,174.512259 s,2.019 ms,Bulk or Interrupt Transfer,2 bytes data,80 00,in,01:00:81,FFFFFA800750D060h,USBPDO-10,usbhub,FFFFFA80072A3010h,Success (Success),80 00
URB,0150,15:12:33.274,174.514519 s,,Bulk or Interrupt Transfer,16 bytes data,F2 07 00 30 00 08 00 10...,out,01:00:02,FFFFFA800750D060h,USBPDO-10,usbhub,FFFFFA8006FD8320h,,F2 07 00 30 00 08 00 10 00 00 00 00 00 00 00 00
URB,0151-0150,15:12:33.275,174.515232 s,712 us,Bulk or Interrupt Transfer,16 bytes buffer,,out,01:00:02,FFFFFA800750D060h,USBPDO-10,usbhub,FFFFFA8006FD8320h,Success (Success)
URB,0152,15:12:33.275,174.515266 s,,Bulk or Interrupt Transfer,4096 bytes buffer,,in,01:00:81,FFFFFA800750D060h,USBPDO-10,usbhub,FFFFFA80072A3010h,
URB,0153-0152,15:12:33.353,174.593260 s,77.994 ms,Bulk or Interrupt Transfer,4096 bytes data,04 60 10 BD 10 B5 04 00...,in,01:00:81,FFFFFA800750D060h,USBPDO-10,usbhub,FFFFFA80072A3010h,Success (Success),04 60 10 BD 10 B5 04 00 09 D0 01 2C 07 D0 05 2C 05 D0 40 F2 BD 11 0F F2 78 40 FE F7 1B FC DF F8 28 04 00 21 01 70 04 70 10 BD 10 B5 04 00 07 D0 01 2C 05 D0 40 F2 D5 11 0F F2 54 40 FE F7 0A FC DF F8 08 04 04 60 10 BD 10 B5 04 00 0B D0 01 2C 09 D0 02 2C 07 D0 03 2C 05 D0 40 F2 B7 21 0F F2 30 40 FE F7 F7 FB DF F8 E8 03 01 68 89 08 54 EA 81 01 01 60 10 BD DF F8 D8 03 00 68 00 F0 0C 00 70 47 10 B5 04 00 15 D0 80 2C 13 D0 90 2C 11 D0 A0 2C 0F D0 B0 2C 0D D0 C0 2C 0B D0 D0 2C 09 D0 E0 2C 07 D0 F0 2C 05 D0 40 F2 ED 21 0F F2 E0 30 FE F7 D0 FB DF F8 98 03 01 68 21 F0 F0 01 21 43 01 60 10 BD 10 B5 04 00 11 D0 B4 F5 80 6F 0E D0 B4 F5 A0 6F 0B D0 B4 F5 C0 6F 08 D0 B4 F5 E0 6F 05 D0 4F F4 43 71 0F F2 A8 30 FE F7 B3 FB DF F8 60 03 01 68 21 F4 E0 61 21 43 01 60 10 BD 10 B5
URB,0154,15:12:33.353,174.593333 s,,Bulk or Interrupt Transfer,16 bytes data,F2 3B 00 00 00 00 00 00...,out,01:00:02,FFFFFA800750D060h,USBPDO-10,usbhub,FFFFFA8006FD8320h,,F2 3B 00 00 00 00 00 00 00 00 00 00 00 00 00 00
URB,0155-0154,15:12:33.355,174.595215 s,1.882 ms,Bulk or Interrupt Transfer,16 bytes buffer,,out,01:00:02,FFFFFA800750D060h,USBPDO-10,usbhub,FFFFFA8006FD8320h,Success (Success)
URB,0156,15:12:33.355,174.595238 s,,Bulk or Interrupt Transfer,64 bytes buffer,,in,01:00:81,FFFFFA800750D060h,USBPDO-10,usbhub,FFFFFA80072A3010h,
URB,0157-0156,15:12:33.357,174.597214 s,1.976 ms,Bulk or Interrupt Transfer,2 bytes data,80 00,in,01:00:81,FFFFFA800750D060h,USBPDO-10,usbhub,FFFFFA80072A3010h,Success (Success),80 00
URB,0158,15:12:33.359,174.599172 s,,Bulk or Interrupt Transfer,16 bytes data,F2 07 00 40 00 08 00 10...,out,01:00:02,FFFFFA800750D060h,USBPDO-10,usbhub,FFFFFA8006FD8320h,,F2 07 00 40 00 08 00 10 00 00 00 00 00 00 00 00
URB,0159-0158,15:12:33.360,174.600219 s,1.047 ms,Bulk or Interrupt Transfer,16 bytes buffer,,out,01:00:02,FFFFFA800750D060h,USBPDO-10,usbhub,FFFFFA8006FD8320h,Success (Success)
URB,0160,15:12:33.360,174.600245 s,,Bulk or Interrupt Transfer,4096 bytes buffer,,in,01:00:81,FFFFFA800750D060h,USBPDO-10,usbhub,FFFFFA80072A3010h,
URB,0161-0160,15:12:33.438,174.678234 s,77.989 ms,Bulk or Interrupt Transfer,4096 bytes data,B8 F1 04 0F 0E D0 B8 F1...,in,01:00:81,FFFFFA800750D060h,USBPDO-10,usbhub,FFFFFA80072A3010h,Success (Success),B8 F1 04 0F 0E D0 B8 F1 05 0F 0B D0 B8 F1 06 0F 08 D0 B8 F1 07 0F 05 D0 40 F2 FF 21 0F F2 8C 10 FD F7 18 FC 07 21 14 2D 0B D3 E0 68 A5 F1 14 02 02 EB 42 02 91 40 88 43 08 FA 02 F1 08 43 E0 60 16 E0 0A 2D 0B D3 20 69 A5 F1 0A 02 02 EB 42 02 91 40 88 43 08 FA 02 F1 08 43 20 61 08 E0 60 69 05 EB 45 02 91 40 88 43 08 FA 02 F1 08 43 60 61 1F 21 07 2E 09 D2 20 6C 07 EB 87 02 91 40 88 43 05 FA 02 F1 08 43 20 64 33 E0 0D 2E 0A D2 E0 6B F2 1F 02 EB 82 02 91 40 88 43 05 FA 02 F1 08 43 E0 63 26 E0 13 2E 0B D2 A0 6B A6 F1 0D 02 02 EB 82 02 91 40 88 43 05 FA 02 F1 08 43 A0 63 18 E0 19 2E 0B D2 60 6B A6 F1 13 02 02 EB 82 02 91 40 88 43 05 FA 02 F1 08 43 60 63 0A E0 20 6B A6 F1 19 02 02 EB 82 02 91 40 88 43 05 FA 02 F1 08 43 20 63 BD E8 F0 81 10 B5 04 46 DF F8 3C 00 84 42
URB,0162,15:12:33.438,174.678274 s,,Bulk or Interrupt Transfer,16 bytes data,F2 3B 00 00 00 00 00 00...,out,01:00:02,FFFFFA800750D060h,USBPDO-10,usbhub,FFFFFA8006FD8320h,,F2 3B 00 00 00 00 00 00 00 00 00 00 00 00 00 00
URB,0163-0162,15:12:33.440,174.680211 s,1.937 ms,Bulk or Interrupt Transfer,16 bytes buffer,,out,01:00:02,FFFFFA800750D060h,USBPDO-10,usbhub,FFFFFA8006FD8320h,Success (Success)
URB,0164,15:12:33.440,174.680231 s,,Bulk or Interrupt Transfer,64 bytes buffer,,in,01:00:81,FFFFFA800750D060h,USBPDO-10,usbhub,FFFFFA80072A3010h,
URB,0165-0164,15:12:33.441,174.681211 s,980 us,Bulk or Interrupt Transfer,2 bytes data,80 00,in,01:00:81,FFFFFA800750D060h,USBPDO-10,usbhub,FFFFFA80072A3010h,Success (Success),80 00
URB,0166,15:12:33.443,174.682929 s,,Bulk or Interrupt Transfer,16 bytes data,F2 07 00 50 00 08 00 10...,out,01:00:02,FFFFFA800750D060h,USBPDO-10,usbhub,FFFFFA8006FD8320h,,F2 07 00 50 00 08 00 10 00 00 00 00 00 00 00 00
URB,0167-0166,15:12:33.443,174.683214 s,285 us,Bulk or Interrupt Transfer,16 bytes buffer,,out,01:00:02,FFFFFA800750D060h,USBPDO-10,usbhub,FFFFFA8006FD8320h,Success (Success)
URB,0168,15:12:33.443,174.683237 s,,Bulk or Interrupt Transfer,4096 bytes buffer,,in,01:00:81,FFFFFA800750D060h,USBPDO-10,usbhub,FFFFFA80072A3010h,
URB,0169-0168,15:12:33.521,174.761232 s,77.994 ms,Bulk or Interrupt Transfer,4096 bytes data,41 02 08 4B 1B 68 03 EB...,in,01:00:81,FFFFFA800750D060h,USBPDO-10,usbhub,FFFFFA80072A3010h,Success (Success),41 02 08 4B 1B 68 03 EB 42 02 52 89 96 3A 41 F2 F3 23 92 B2 9A 42 ED D3 FF 20 70 47 00 20 70 47 95 01 00 20 10 02 00 20 B8 01 00 20 24 02 00 20 30 01 00 20 F8 01 00 20 58 58 00 08 60 58 00 08 B0 01 00 20 A8 01 00 20 18 02 00 20 97 01 00 20 98 01 00 20 1A 02 00 20 1C 02 00 20 1E 02 00 20 84 58 00 08 00 01 00 08 00 02 00 00 00 00 A0 FF A0 00 20 00 00 00 60 FF 20 FF 60 00 00 00 00 00 10 B5 08 4C 00 20 20 83 01 20 00 F0 D8 F8 01 00 02 D0 20 8B 08 43 20 83 20 8B 00 28 01 D0 FF F7 61 FA 10 BD DC 01 00 20 2D E9 F8 4F 01 20 80 F3 10 88 DF F8 84 03 DF F8 84 13 02 68 0A 60 00 21 01 60 08 46 80 F3 10 88 DF F8 74 43 DF F8 74 B3 DF F8 74 63 DF F8 64 03 00 68 41 1E DF F8 5C 23 11 60 00 28 00 F0 A9 80 DF F8 60 73 38 78 40 1E 38 70 DF F8 5C 03 01 78 49 1E 01 70 C9 B2 00 29
URB,0170,15:12:33.521,174.761271 s,,Bulk or Interrupt Transfer,16 bytes data,F2 3B 00 00 00 00 00 00...,out,01:00:02,FFFFFA800750D060h,USBPDO-10,usbhub,FFFFFA8006FD8320h,,F2 3B 00 00 00 00 00 00 00 00 00 00 00 00 00 00
URB,0171-0170,15:12:33.523,174.763211 s,1.940 ms,Bulk or Interrupt Transfer,16 bytes buffer,,out,01:00:02,FFFFFA800750D060h,USBPDO-10,usbhub,FFFFFA8006FD8320h,Success (Success)
URB,0172,15:12:33.523,174.763233 s,,Bulk or Interrupt Transfer,64 bytes buffer,,in,01:00:81,FFFFFA800750D060h,USBPDO-10,usbhub,FFFFFA80072A3010h,
URB,0173-0172,15:12:33.525,174.765209 s,1.977 ms,Bulk or Interrupt Transfer,2 bytes data,80 00,in,01:00:81,FFFFFA800750D060h,USBPDO-10,usbhub,FFFFFA80072A3010h,Success (Success),80 00
URB,0174,15:12:33.527,174.766919 s,,Bulk or Interrupt Transfer,16 bytes data,F2 07 00 60 00 08 00 10...,out,01:00:02,FFFFFA800750D060h,USBPDO-10,usbhub,FFFFFA8006FD8320h,,F2 07 00 60 00 08 00 10 00 00 00 00 00 00 00 00
URB,0175-0174,15:12:33.528,174.768211 s,1.291 ms,Bulk or Interrupt Transfer,16 bytes buffer,,out,01:00:02,FFFFFA800750D060h,USBPDO-10,usbhub,FFFFFA8006FD8320h,Success (Success)
URB,0176,15:12:33.528,174.768234 s,,Bulk or Interrupt Transfer,4096 bytes buffer,,in,01:00:81,FFFFFA800750D060h,USBPDO-10,usbhub,FFFFFA80072A3010h,
URB,0177-0176,15:12:33.604,174.844240 s,76.007 ms,Bulk or Interrupt Transfer,4096 bytes data,00 00 00 00 00 00 00 00...,in,01:00:81,FFFFFA800750D060h,USBPDO-10,usbhub,FFFFFA80072A3010h,Success (Success),00 00 00 00 00 00 00 00 00 00 00 00 00 00 00 00 00 00 00 00 00 00 00 00 00 00 00 00 00 00 00 00 00 00 00 00 00 00 00 00 00 00 00 00 00 00 00 00 00 00 00 00 00 00 00 00 00 00 00 00 00 00 00 00 00 00 00 00 00 00 00 00 00 00 00 00 00 00 00 00 00 00 00 00 00 00 00 00 00 00 00 00 00 00 00 00 00 00 00 00 00 00 00 00 00 00 00 00 00 00 00 00 00 00 00 00 00 00 00 00 00 00 00 00 00 00 00 00 00 00 00 00 00 00 00 00 00 00 00 00 00 00 00 00 00 00 00 00 00 00 00 00 00 00 00 00 00 00 00 00 00 00 00 00 00 00 00 00 00 00 00 00 00 00 00 00 00 00 00 00 00 00 00 00 00 00 00 00 00 00 00 00 00 00 00 00 00 00 00 00 00 00 00 00 00 00 00 00 00 00 00 00 00 00 00 00 00 00 00 00 00 00 00 00 00 00 00 00 00 00 00 00 00 00 00 00 00 00 00 00 00 00 00 00 00 00 00 00 00 00 00 00 00 00 00 00
URB,0178,15:12:33.604,174.844301 s,,Bulk or Interrupt Transfer,16 bytes data,F2 3B 00 00 00 00 00 00...,out,01:00:02,FFFFFA800750D060h,USBPDO-10,usbhub,FFFFFA8006FD8320h,,F2 3B 00 00 00 00 00 00 00 00 00 00 00 00 00 00
URB,0179-0178,15:12:33.606,174.846214 s,1.913 ms,Bulk or Interrupt Transfer,16 bytes buffer,,out,01:00:02,FFFFFA800750D060h,USBPDO-10,usbhub,FFFFFA8006FD8320h,Success (Success)
URB,0180,15:12:33.606,174.846234 s,,Bulk or Interrupt Transfer,64 bytes buffer,,in,01:00:81,FFFFFA800750D060h,USBPDO-10,usbhub,FFFFFA80072A3010h,
URB,0181-0180,15:12:33.608,174.848208 s,1.973 ms,Bulk or Interrupt Transfer,2 bytes data,80 00,in,01:00:81,FFFFFA800750D060h,USBPDO-10,usbhub,FFFFFA80072A3010h,Success (Success),80 00
URB,0182,15:12:33.610,174.849977 s,,Bulk or Interrupt Transfer,16 bytes data,F2 07 00 70 00 08 00 10...,out,01:00:02,FFFFFA800750D060h,USBPDO-10,usbhub,FFFFFA8006FD8320h,,F2 07 00 70 00 08 00 10 00 00 00 00 00 00 00 00
URB,0183-0182,15:12:33.610,174.850213 s,236 us,Bulk or Interrupt Transfer,16 bytes buffer,,out,01:00:02,FFFFFA800750D060h,USBPDO-10,usbhub,FFFFFA8006FD8320h,Success (Success)
URB,0184,15:12:33.610,174.850235 s,,Bulk or Interrupt Transfer,4096 bytes buffer,,in,01:00:81,FFFFFA800750D060h,USBPDO-10,usbhub,FFFFFA80072A3010h,
URB,0185-0184,15:12:33.687,174.927228 s,76.993 ms,Bulk or Interrupt Transfer,4096 bytes data,00 00 00 00 00 00 00 00...,in,01:00:81,FFFFFA800750D060h,USBPDO-10,usbhub,FFFFFA80072A3010h,Success (Success),00 00 00 00 00 00 00 00 00 00 00 00 00 00 00 00 00 00 00 00 00 00 00 00 00 00 00 00 00 00 00 00 00 00 00 00 00 00 00 00 00 00 00 00 00 00 00 00 00 00 00 00 00 00 00 00 00 00 00 00 00 00 00 00 00 00 00 00 00 00 00 00 00 00 00 00 00 00 00 00 00 00 00 00 00 00 00 00 00 00 00 00 00 00 00 00 00 00 00 00 00 00 00 00 00 00 00 00 00 00 00 00 00 00 00 00 00 00 00 00 00 00 00 00 00 00 00 00 00 00 00 00 00 00 00 00 00 00 00 00 00 00 00 00 00 00 00 00 00 00 00 00 00 00 00 00 00 00 00 00 00 00 00 00 00 00 00 00 00 00 00 00 00 00 00 00 00 00 00 00 00 00 00 00 00 00 00 00 00 00 00 00 00 00 00 00 00 00 00 00 00 00 00 00 00 00 00 00 00 00 00 00 00 00 00 00 00 00 00 00 00 00 00 00 00 00 00 00 00 00 00 00 00 00 00 00 00 00 00 00 00 00 00 00 00 00 00 00 00 00 00 00 00 00 00 00
URB,0186,15:12:33.687,174.927268 s,,Bulk or Interrupt Transfer,16 bytes data,F2 3B 00 00 00 00 00 00...,out,01:00:02,FFFFFA800750D060h,USBPDO-10,usbhub,FFFFFA8006FD8320h,,F2 3B 00 00 00 00 00 00 00 00 00 00 00 00 00 00
URB,0187-0186,15:12:33.689,174.929206 s,1.939 ms,Bulk or Interrupt Transfer,16 bytes buffer,,out,01:00:02,FFFFFA800750D060h,USBPDO-10,usbhub,FFFFFA8006FD8320h,Success (Success)
URB,0188,15:12:33.689,174.929226 s,,Bulk or Interrupt Transfer,64 bytes buffer,,in,01:00:81,FFFFFA800750D060h,USBPDO-10,usbhub,FFFFFA80072A3010h,
URB,0189-0188,15:12:33.690,174.930206 s,980 us,Bulk or Interrupt Transfer,2 bytes data,80 00,in,01:00:81,FFFFFA800750D060h,USBPDO-10,usbhub,FFFFFA80072A3010h,Success (Success),80 00
URB,0190,15:12:33.692,174.932148 s,,Bulk or Interrupt Transfer,16 bytes data,F2 07 00 80 00 08 00 10...,out,01:00:02,FFFFFA800750D060h,USBPDO-10,usbhub,FFFFFA8006FD8320h,,F2 07 00 80 00 08 00 10 00 00 00 00 00 00 00 00
URB,0191-0190,15:12:33.693,174.933211 s,1.062 ms,Bulk or Interrupt Transfer,16 bytes buffer,,out,01:00:02,FFFFFA800750D060h,USBPDO-10,usbhub,FFFFFA8006FD8320h,Success (Success)
URB,0192,15:12:33.693,174.933237 s,,Bulk or Interrupt Transfer,4096 bytes buffer,,in,01:00:81,FFFFFA800750D060h,USBPDO-10,usbhub,FFFFFA80072A3010h,
URB,0193-0192,15:12:33.769,175.009241 s,76.004 ms,Bulk or Interrupt Transfer,4096 bytes data,00 00 00 00 00 00 00 00...,in,01:00:81,FFFFFA800750D060h,USBPDO-10,usbhub,FFFFFA80072A3010h,Success (Success),00 00 00 00 00 00 00 00 00 00 00 00 00 00 00 00 00 00 00 00 00 00 00 00 00 00 00 00 00 00 00 00 00 00 00 00 00 00 00 00 00 00 00 00 00 00 00 00 00 00 00 00 00 00 00 00 00 00 00 00 00 00 00 00 00 00 00 00 00 00 00 00 00 00 00 00 00 00 00 00 00 00 00 00 00 00 00 00 00 00 00 00 00 00 00 00 00 00 00 00 00 00 00 00 00 00 00 00 00 00 00 00 00 00 00 00 00 00 00 00 00 00 00 00 00 00 00 00 00 00 00 00 00 00 00 00 00 00 00 00 00 00 00 00 00 00 00 00 00 00 00 00 00 00 00 00 00 00 00 00 00 00 00 00 00 00 00 00 00 00 00 00 00 00 00 00 00 00 00 00 00 00 00 00 00 00 00 00 00 00 00 00 00 00 00 00 00 00 00 00 00 00 00 00 00 00 00 00 00 00 00 00 00 00 00 00 00 00 00 00 00 00 00 00 00 00 00 00 00 00 00 00 00 00 00 00 00 00 00 00 00 00 00 00 00 00 00 00 00 00 00 00 00 00 00 00
URB,0194,15:12:33.769,175.009307 s,,Bulk or Interrupt Transfer,16 bytes data,F2 3B 00 00 00 00 00 00...,out,01:00:02,FFFFFA800750D060h,USBPDO-10,usbhub,FFFFFA8006FD8320h,,F2 3B 00 00 00 00 00 00 00 00 00 00 00 00 00 00
URB,0195-0194,15:12:33.771,175.011249 s,1.942 ms,Bulk or Interrupt Transfer,16 bytes buffer,,out,01:00:02,FFFFFA800750D060h,USBPDO-10,usbhub,FFFFFA8006FD8320h,Success (Success)
URB,0196,15:12:33.771,175.011349 s,,Bulk or Interrupt Transfer,64 bytes buffer,,in,01:00:81,FFFFFA800750D060h,USBPDO-10,usbhub,FFFFFA80072A3010h,
URB,0197-0196,15:12:33.773,175.013221 s,1.872 ms,Bulk or Interrupt Transfer,2 bytes data,80 00,in,01:00:81,FFFFFA800750D060h,USBPDO-10,usbhub,FFFFFA80072A3010h,Success (Success),80 00
URB,0198,15:12:33.775,175.015272 s,,Bulk or Interrupt Transfer,16 bytes data,F2 07 00 90 00 08 00 10...,out,01:00:02,FFFFFA800750D060h,USBPDO-10,usbhub,FFFFFA8006FD8320h,,F2 07 00 90 00 08 00 10 00 00 00 00 00 00 00 00
URB,0199-0198,15:12:33.777,175.017218 s,1.946 ms,Bulk or Interrupt Transfer,16 bytes buffer,,out,01:00:02,FFFFFA800750D060h,USBPDO-10,usbhub,FFFFFA8006FD8320h,Success (Success)
URB,0200,15:12:33.777,175.017254 s,,Bulk or Interrupt Transfer,4096 bytes buffer,,in,01:00:81,FFFFFA800750D060h,USBPDO-10,usbhub,FFFFFA80072A3010h,
URB,0201-0200,15:12:33.853,175.093245 s,75.991 ms,Bulk or Interrupt Transfer,4096 bytes data,00 00 00 00 00 00 00 00...,in,01:00:81,FFFFFA800750D060h,USBPDO-10,usbhub,FFFFFA80072A3010h,Success (Success),00 00 00 00 00 00 00 00 00 00 00 00 00 00 00 00 00 00 00 00 00 00 00 00 00 00 00 00 00 00 00 00 00 00 00 00 00 00 00 00 00 00 00 00 00 00 00 00 00 00 00 00 00 00 00 00 00 00 00 00 00 00 00 00 00 00 00 00 00 00 00 00 00 00 00 00 00 00 00 00 00 00 00 00 00 00 00 00 00 00 00 00 00 00 00 00 00 00 00 00 00 00 00 00 00 00 00 00 00 00 00 00 00 00 00 00 00 00 00 00 00 00 00 00 00 00 00 00 00 00 00 00 00 00 00 00 00 00 00 00 00 00 00 00 00 00 00 00 00 00 00 00 00 00 00 00 00 00 00 00 00 00 00 00 00 00 00 00 00 00 00 00 00 00 00 00 00 00 00 00 00 00 00 00 00 00 00 00 00 00 00 00 00 00 00 00 00 00 00 00 00 00 00 00 00 00 00 00 00 00 00 00 00 00 00 00 00 00 00 00 00 00 00 00 00 00 00 00 00 00 00 00 00 00 00 00 00 00 00 00 00 00 00 00 00 00 00 00 00 00 00 00 00 00 00 00
URB,0202,15:12:33.853,175.093309 s,,Bulk or Interrupt Transfer,16 bytes data,F2 3B 00 00 00 00 00 00...,out,01:00:02,FFFFFA800750D060h,USBPDO-10,usbhub,FFFFFA8006FD8320h,,F2 3B 00 00 00 00 00 00 00 00 00 00 00 00 00 00
URB,0203-0202,15:12:33.855,175.095204 s,1.895 ms,Bulk or Interrupt Transfer,16 bytes buffer,,out,01:00:02,FFFFFA800750D060h,USBPDO-10,usbhub,FFFFFA8006FD8320h,Success (Success)
URB,0204,15:12:33.855,175.095227 s,,Bulk or Interrupt Transfer,64 bytes buffer,,in,01:00:81,FFFFFA800750D060h,USBPDO-10,usbhub,FFFFFA80072A3010h,
URB,0205-0204,15:12:33.857,175.097203 s,1.976 ms,Bulk or Interrupt Transfer,2 bytes data,80 00,in,01:00:81,FFFFFA800750D060h,USBPDO-10,usbhub,FFFFFA80072A3010h,Success (Success),80 00
URB,0206,15:12:33.859,175.098972 s,,Bulk or Interrupt Transfer,16 bytes data,F2 07 00 A0 00 08 00 10...,out,01:00:02,FFFFFA800750D060h,USBPDO-10,usbhub,FFFFFA8006FD8320h,,F2 07 00 A0 00 08 00 10 00 00 00 00 00 00 00 00
URB,0207-0206,15:12:33.859,175.099209 s,237 us,Bulk or Interrupt Transfer,16 bytes buffer,,out,01:00:02,FFFFFA800750D060h,USBPDO-10,usbhub,FFFFFA8006FD8320h,Success (Success)
URB,0208,15:12:33.859,175.099233 s,,Bulk or Interrupt Transfer,4096 bytes buffer,,in,01:00:81,FFFFFA800750D060h,USBPDO-10,usbhub,FFFFFA80072A3010h,
URB,0209-0208,15:12:33.936,175.176223 s,76.990 ms,Bulk or Interrupt Transfer,4096 bytes data,00 00 00 00 00 00 00 00...,in,01:00:81,FFFFFA800750D060h,USBPDO-10,usbhub,FFFFFA80072A3010h,Success (Success),00 00 00 00 00 00 00 00 00 00 00 00 00 00 00 00 00 00 00 00 00 00 00 00 00 00 00 00 00 00 00 00 00 00 00 00 00 00 00 00 00 00 00 00 00 00 00 00 00 00 00 00 00 00 00 00 00 00 00 00 00 00 00 00 00 00 00 00 00 00 00 00 00 00 00 00 00 00 00 00 00 00 00 00 00 00 00 00 00 00 00 00 00 00 00 00 00 00 00 00 00 00 00 00 00 00 00 00 00 00 00 00 00 00 00 00 00 00 00 00 00 00 00 00 00 00 00 00 00 00 00 00 00 00 00 00 00 00 00 00 00 00 00 00 00 00 00 00 00 00 00 00 00 00 00 00 00 00 00 00 00 00 00 00 00 00 00 00 00 00 00 00 00 00 00 00 00 00 00 00 00 00 00 00 00 00 00 00 00 00 00 00 00 00 00 00 00 00 00 00 00 00 00 00 00 00 00 00 00 00 00 00 00 00 00 00 00 00 00 00 00 00 00 00 00 00 00 00 00 00 00 00 00 00 00 00 00 00 00 00 00 00 00 00 00 00 00 00 00 00 00 00 00 00 00 00
URB,0210,15:12:33.936,175.176266 s,,Bulk or Interrupt Transfer,16 bytes data,F2 3B 00 00 00 00 00 00...,out,01:00:02,FFFFFA800750D060h,USBPDO-10,usbhub,FFFFFA8006FD8320h,,F2 3B 00 00 00 00 00 00 00 00 00 00 00 00 00 00
URB,0211-0210,15:12:33.938,175.178203 s,1.937 ms,Bulk or Interrupt Transfer,16 bytes buffer,,out,01:00:02,FFFFFA800750D060h,USBPDO-10,usbhub,FFFFFA8006FD8320h,Success (Success)
URB,0212,15:12:33.938,175.178223 s,,Bulk or Interrupt Transfer,64 bytes buffer,,in,01:00:81,FFFFFA800750D060h,USBPDO-10,usbhub,FFFFFA80072A3010h,
URB,0213-0212,15:12:33.940,175.180202 s,1.979 ms,Bulk or Interrupt Transfer,2 bytes data,80 00,in,01:00:81,FFFFFA800750D060h,USBPDO-10,usbhub,FFFFFA80072A3010h,Success (Success),80 00
URB,0214,15:12:33.942,175.181915 s,,Bulk or Interrupt Transfer,16 bytes data,F2 07 00 B0 00 08 00 10...,out,01:00:02,FFFFFA800750D060h,USBPDO-10,usbhub,FFFFFA8006FD8320h,,F2 07 00 B0 00 08 00 10 00 00 00 00 00 00 00 00
URB,0215-0214,15:12:33.943,175.183205 s,1.291 ms,Bulk or Interrupt Transfer,16 bytes buffer,,out,01:00:02,FFFFFA800750D060h,USBPDO-10,usbhub,FFFFFA8006FD8320h,Success (Success)
URB,0216,15:12:33.943,175.183234 s,,Bulk or Interrupt Transfer,4096 bytes buffer,,in,01:00:81,FFFFFA800750D060h,USBPDO-10,usbhub,FFFFFA80072A3010h,
URB,0217-0216,15:12:34.019,175.259226 s,75.993 ms,Bulk or Interrupt Transfer,4096 bytes data,00 00 00 00 00 00 00 00...,in,01:00:81,FFFFFA800750D060h,USBPDO-10,usbhub,FFFFFA80072A3010h,Success (Success),00 00 00 00 00 00 00 00 00 00 00 00 00 00 00 00 00 00 00 00 00 00 00 00 00 00 00 00 00 00 00 00 00 00 00 00 00 00 00 00 00 00 00 00 00 00 00 00 00 00 00 00 00 00 00 00 00 00 00 00 00 00 00 00 00 00 00 00 00 00 00 00 00 00 00 00 00 00 00 00 00 00 00 00 00 00 00 00 00 00 00 00 00 00 00 00 00 00 00 00 00 00 00 00 00 00 00 00 00 00 00 00 00 00 00 00 00 00 00 00 00 00 00 00 00 00 00 00 00 00 00 00 00 00 00 00 00 00 00 00 00 00 00 00 00 00 00 00 00 00 00 00 00 00 00 00 00 00 00 00 00 00 00 00 00 00 00 00 00 00 00 00 00 00 00 00 00 00 00 00 00 00 00 00 00 00 00 00 00 00 00 00 00 00 00 00 00 00 00 00 00 00 00 00 00 00 00 00 00 00 00 00 00 00 00 00 00 00 00 00 00 00 00 00 00 00 00 00 00 00 00 00 00 00 00 00 00 00 00 00 00 00 00 00 00 00 00 00 00 00 00 00 00 00 00 00
URB,0218,15:12:34.019,175.259275 s,,Bulk or Interrupt Transfer,16 bytes data,F2 3B 00 00 00 00 00 00...,out,01:00:02,FFFFFA800750D060h,USBPDO-10,usbhub,FFFFFA8006FD8320h,,F2 3B 00 00 00 00 00 00 00 00 00 00 00 00 00 00
URB,0219-0218,15:12:34.021,175.261201 s,1.926 ms,Bulk or Interrupt Transfer,16 bytes buffer,,out,01:00:02,FFFFFA800750D060h,USBPDO-10,usbhub,FFFFFA8006FD8320h,Success (Success)
URB,0220,15:12:34.021,175.261221 s,,Bulk or Interrupt Transfer,64 bytes buffer,,in,01:00:81,FFFFFA800750D060h,USBPDO-10,usbhub,FFFFFA80072A3010h,
URB,0221-0220,15:12:34.023,175.263200 s,1.979 ms,Bulk or Interrupt Transfer,2 bytes data,80 00,in,01:00:81,FFFFFA800750D060h,USBPDO-10,usbhub,FFFFFA80072A3010h,Success (Success),80 00
URB,0222,15:12:34.025,175.265126 s,,Bulk or Interrupt Transfer,16 bytes data,F2 07 00 C0 00 08 00 10...,out,01:00:02,FFFFFA800750D060h,USBPDO-10,usbhub,FFFFFA8006FD8320h,,F2 07 00 C0 00 08 00 10 00 00 00 00 00 00 00 00
URB,0223-0222,15:12:34.026,175.266209 s,1.083 ms,Bulk or Interrupt Transfer,16 bytes buffer,,out,01:00:02,FFFFFA800750D060h,USBPDO-10,usbhub,FFFFFA8006FD8320h,Success (Success)
URB,0224,15:12:34.026,175.266234 s,,Bulk or Interrupt Transfer,4096 bytes buffer,,in,01:00:81,FFFFFA800750D060h,USBPDO-10,usbhub,FFFFFA80072A3010h,
URB,0225-0224,15:12:34.102,175.342223 s,75.989 ms,Bulk or Interrupt Transfer,4096 bytes data,00 00 00 00 00 00 00 00...,in,01:00:81,FFFFFA800750D060h,USBPDO-10,usbhub,FFFFFA80072A3010h,Success (Success),00 00 00 00 00 00 00 00 00 00 00 00 00 00 00 00 00 00 00 00 00 00 00 00 00 00 00 00 00 00 00 00 00 00 00 00 00 00 00 00 00 00 00 00 00 00 00 00 00 00 00 00 00 00 00 00 00 00 00 00 00 00 00 00 00 00 00 00 00 00 00 00 00 00 00 00 00 00 00 00 00 00 00 00 00 00 00 00 00 00 00 00 00 00 00 00 00 00 00 00 00 00 00 00 00 00 00 00 00 00 00 00 00 00 00 00 00 00 00 00 00 00 00 00 00 00 00 00 00 00 00 00 00 00 00 00 00 00 00 00 00 00 00 00 00 00 00 00 00 00 00 00 00 00 00 00 00 00 00 00 00 00 00 00 00 00 00 00 00 00 00 00 00 00 00 00 00 00 00 00 00 00 00 00 00 00 00 00 00 00 00 00 00 00 00 00 00 00 00 00 00 00 00 00 00 00 00 00 00 00 00 00 00 00 00 00 00 00 00 00 00 00 00 00 00 00 00 00 00 00 00 00 00 00 00 00 00 00 00 00 00 00 00 00 00 00 00 00 00 00 00 00 00 00 00 00
URB,0226,15:12:34.102,175.342270 s,,Bulk or Interrupt Transfer,16 bytes data,F2 3B 00 00 00 00 00 00...,out,01:00:02,FFFFFA800750D060h,USBPDO-10,usbhub,FFFFFA8006FD8320h,,F2 3B 00 00 00 00 00 00 00 00 00 00 00 00 00 00
URB,0227-0226,15:12:34.104,175.344199 s,1.929 ms,Bulk or Interrupt Transfer,16 bytes buffer,,out,01:00:02,FFFFFA800750D060h,USBPDO-10,usbhub,FFFFFA8006FD8320h,Success (Success)
URB,0228,15:12:34.104,175.344219 s,,Bulk or Interrupt Transfer,64 bytes buffer,,in,01:00:81,FFFFFA800750D060h,USBPDO-10,usbhub,FFFFFA80072A3010h,
URB,0229-0228,15:12:34.105,175.345202 s,983 us,Bulk or Interrupt Transfer,2 bytes data,80 00,in,01:00:81,FFFFFA800750D060h,USBPDO-10,usbhub,FFFFFA80072A3010h,Success (Success),80 00
URB,0230,15:12:34.107,175.346917 s,,Bulk or Interrupt Transfer,16 bytes data,F2 07 00 D0 00 08 00 10...,out,01:00:02,FFFFFA800750D060h,USBPDO-10,usbhub,FFFFFA8006FD8320h,,F2 07 00 D0 00 08 00 10 00 00 00 00 00 00 00 00
URB,0231-0230,15:12:34.107,175.347202 s,285 us,Bulk or Interrupt Transfer,16 bytes buffer,,out,01:00:02,FFFFFA800750D060h,USBPDO-10,usbhub,FFFFFA8006FD8320h,Success (Success)
URB,0232,15:12:34.107,175.347225 s,,Bulk or Interrupt Transfer,4096 bytes buffer,,in,01:00:81,FFFFFA800750D060h,USBPDO-10,usbhub,FFFFFA80072A3010h,
URB,0233-0232,15:12:34.184,175.424221 s,76.996 ms,Bulk or Interrupt Transfer,4096 bytes data,00 00 00 00 00 00 00 00...,in,01:00:81,FFFFFA800750D060h,USBPDO-10,usbhub,FFFFFA80072A3010h,Success (Success),00 00 00 00 00 00 00 00 00 00 00 00 00 00 00 00 00 00 00 00 00 00 00 00 00 00 00 00 00 00 00 00 00 00 00 00 00 00 00 00 00 00 00 00 00 00 00 00 00 00 00 00 00 00 00 00 00 00 00 00 00 00 00 00 00 00 00 00 00 00 00 00 00 00 00 00 00 00 00 00 00 00 00 00 00 00 00 00 00 00 00 00 00 00 00 00 00 00 00 00 00 00 00 00 00 00 00 00 00 00 00 00 00 00 00 00 00 00 00 00 00 00 00 00 00 00 00 00 00 00 00 00 00 00 00 00 00 00 00 00 00 00 00 00 00 00 00 00 00 00 00 00 00 00 00 00 00 00 00 00 00 00 00 00 00 00 00 00 00 00 00 00 00 00 00 00 00 00 00 00 00 00 00 00 00 00 00 00 00 00 00 00 00 00 00 00 00 00 00 00 00 00 00 00 00 00 00 00 00 00 00 00 00 00 00 00 00 00 00 00 00 00 00 00 00 00 00 00 00 00 00 00 00 00 00 00 00 00 00 00 00 00 00 00 00 00 00 00 00 00 00 00 00 00 00 00
URB,0234,15:12:34.184,175.424272 s,,Bulk or Interrupt Transfer,16 bytes data,F2 3B 00 00 00 00 00 00...,out,01:00:02,FFFFFA800750D060h,USBPDO-10,usbhub,FFFFFA8006FD8320h,,F2 3B 00 00 00 00 00 00 00 00 00 00 00 00 00 00
URB,0235-0234,15:12:34.186,175.426198 s,1.926 ms,Bulk or Interrupt Transfer,16 bytes buffer,,out,01:00:02,FFFFFA800750D060h,USBPDO-10,usbhub,FFFFFA8006FD8320h,Success (Success)
URB,0236,15:12:34.186,175.426219 s,,Bulk or Interrupt Transfer,64 bytes buffer,,in,01:00:81,FFFFFA800750D060h,USBPDO-10,usbhub,FFFFFA80072A3010h,
URB,0237-0236,15:12:34.188,175.428197 s,1.978 ms,Bulk or Interrupt Transfer,2 bytes data,80 00,in,01:00:81,FFFFFA800750D060h,USBPDO-10,usbhub,FFFFFA80072A3010h,Success (Success),80 00
URB,0238,15:12:34.190,175.429912 s,,Bulk or Interrupt Transfer,16 bytes data,F2 07 00 E0 00 08 00 10...,out,01:00:02,FFFFFA800750D060h,USBPDO-10,usbhub,FFFFFA8006FD8320h,,F2 07 00 E0 00 08 00 10 00 00 00 00 00 00 00 00
URB,0239-0238,15:12:34.191,175.431198 s,1.286 ms,Bulk or Interrupt Transfer,16 bytes buffer,,out,01:00:02,FFFFFA800750D060h,USBPDO-10,usbhub,FFFFFA8006FD8320h,Success (Success)
URB,0240,15:12:34.191,175.431220 s,,Bulk or Interrupt Transfer,4096 bytes buffer,,in,01:00:81,FFFFFA800750D060h,USBPDO-10,usbhub,FFFFFA80072A3010h,
URB,0241-0240,15:12:34.267,175.507225 s,76.005 ms,Bulk or Interrupt Transfer,4096 bytes data,00 00 00 00 00 00 00 00...,in,01:00:81,FFFFFA800750D060h,USBPDO-10,usbhub,FFFFFA80072A3010h,Success (Success),00 00 00 00 00 00 00 00 00 00 00 00 00 00 00 00 00 00 00 00 00 00 00 00 00 00 00 00 00 00 00 00 00 00 00 00 00 00 00 00 00 00 00 00 00 00 00 00 00 00 00 00 00 00 00 00 00 00 00 00 00 00 00 00 00 00 00 00 00 00 00 00 00 00 00 00 00 00 00 00 00 00 00 00 00 00 00 00 00 00 00 00 00 00 00 00 00 00 00 00 00 00 00 00 00 00 00 00 00 00 00 00 00 00 00 00 00 00 00 00 00 00 00 00 00 00 00 00 00 00 00 00 00 00 00 00 00 00 00 00 00 00 00 00 00 00 00 00 00 00 00 00 00 00 00 00 00 00 00 00 00 00 00 00 00 00 00 00 00 00 00 00 00 00 00 00 00 00 00 00 00 00 00 00 00 00 00 00 00 00 00 00 00 00 00 00 00 00 00 00 00 00 00 00 00 00 00 00 00 00 00 00 00 00 00 00 00 00 00 00 00 00 00 00 00 00 00 00 00 00 00 00 00 00 00 00 00 00 00 00 00 00 00 00 00 00 00 00 00 00 00 00 00 00 00 00
URB,0242,15:12:34.267,175.507282 s,,Bulk or Interrupt Transfer,16 bytes data,F2 3B 00 00 00 00 00 00...,out,01:00:02,FFFFFA800750D060h,USBPDO-10,usbhub,FFFFFA8006FD8320h,,F2 3B 00 00 00 00 00 00 00 00 00 00 00 00 00 00
URB,0243-0242,15:12:34.269,175.509198 s,1.916 ms,Bulk or Interrupt Transfer,16 bytes buffer,,out,01:00:02,FFFFFA800750D060h,USBPDO-10,usbhub,FFFFFA8006FD8320h,Success (Success)
URB,0244,15:12:34.269,175.509228 s,,Bulk or Interrupt Transfer,64 bytes buffer,,in,01:00:81,FFFFFA800750D060h,USBPDO-10,usbhub,FFFFFA80072A3010h,
URB,0245-0244,15:12:34.271,175.511235 s,2.007 ms,Bulk or Interrupt Transfer,2 bytes data,80 00,in,01:00:81,FFFFFA800750D060h,USBPDO-10,usbhub,FFFFFA80072A3010h,Success (Success),80 00
URB,0246,15:12:34.274,175.513803 s,,Bulk or Interrupt Transfer,16 bytes data,F2 07 00 F0 00 08 00 10...,out,01:00:02,FFFFFA800750D060h,USBPDO-10,usbhub,FFFFFA8002902010h,,F2 07 00 F0 00 08 00 10 00 00 00 00 00 00 00 00
URB,0247-0246,15:12:34.274,175.514220 s,417 us,Bulk or Interrupt Transfer,16 bytes buffer,,out,01:00:02,FFFFFA800750D060h,USBPDO-10,usbhub,FFFFFA8002902010h,Success (Success)
URB,0248,15:12:34.274,175.514296 s,,Bulk or Interrupt Transfer,4096 bytes buffer,,in,01:00:81,FFFFFA800750D060h,USBPDO-10,usbhub,FFFFFA80072A3010h,
URB,0249-0248,15:12:34.351,175.591234 s,76.938 ms,Bulk or Interrupt Transfer,4096 bytes data,00 00 00 00 00 00 00 00...,in,01:00:81,FFFFFA800750D060h,USBPDO-10,usbhub,FFFFFA80072A3010h,Success (Success),00 00 00 00 00 00 00 00 00 00 00 00 00 00 00 00 00 00 00 00 00 00 00 00 00 00 00 00 00 00 00 00 00 00 00 00 00 00 00 00 00 00 00 00 00 00 00 00 00 00 00 00 00 00 00 00 00 00 00 00 00 00 00 00 00 00 00 00 00 00 00 00 00 00 00 00 00 00 00 00 00 00 00 00 00 00 00 00 00 00 00 00 00 00 00 00 00 00 00 00 00 00 00 00 00 00 00 00 00 00 00 00 00 00 00 00 00 00 00 00 00 00 00 00 00 00 00 00 00 00 00 00 00 00 00 00 00 00 00 00 00 00 00 00 00 00 00 00 00 00 00 00 00 00 00 00 00 00 00 00 00 00 00 00 00 00 00 00 00 00 00 00 00 00 00 00 00 00 00 00 00 00 00 00 00 00 00 00 00 00 00 00 00 00 00 00 00 00 00 00 00 00 00 00 00 00 00 00 00 00 00 00 00 00 00 00 00 00 00 00 00 00 00 00 00 00 00 00 00 00 00 00 00 00 00 00 00 00 00 00 00 00 00 00 00 00 00 00 00 00 00 00 00 00 00 00
URB,0250,15:12:34.351,175.591304 s,,Bulk or Interrupt Transfer,16 bytes data,F2 3B 00 00 00 00 00 00...,out,01:00:02,FFFFFA800750D060h,USBPDO-10,usbhub,FFFFFA8002902010h,,F2 3B 00 00 00 00 00 00 00 00 00 00 00 00 00 00
URB,0251-0250,15:12:34.353,175.593195 s,1.891 ms,Bulk or Interrupt Transfer,16 bytes buffer,,out,01:00:02,FFFFFA800750D060h,USBPDO-10,usbhub,FFFFFA8002902010h,Success (Success)
URB,0252,15:12:34.353,175.593216 s,,Bulk or Interrupt Transfer,64 bytes buffer,,in,01:00:81,FFFFFA800750D060h,USBPDO-10,usbhub,FFFFFA80072A3010h,
URB,0253-0252,15:12:34.354,175.594194 s,978 us,Bulk or Interrupt Transfer,2 bytes data,80 00,in,01:00:81,FFFFFA800750D060h,USBPDO-10,usbhub,FFFFFA80072A3010h,Success (Success),80 00

This report was generated by USBlyzer http://www.usblyzer.com/
